team,venue,pt_idx,x_ft,y_ft,angle_deg,dist_ft
Arizona Diamondbacks,Chase Field,1,-245.3,219.6,-48.16,329.2
Arizona Diamondbacks,Chase Field,2,-234.2,211.3,-47.94,315.4
Arizona Diamondbacks,Chase Field,3,-224,200.9,-48.11,300.9
Arizona Diamondbacks,Chase Field,4,-213.8,190.5,-48.3,286.4
Arizona Diamondbacks,Chase Field,5,-203.6,180,-48.52,271.8
Arizona Diamondbacks,Chase Field,6,-193.4,169.6,-48.75,257.2
Arizona Diamondbacks,Chase Field,7,-183.5,158.9,-49.11,242.7
Arizona Diamondbacks,Chase Field,8,-176.2,146.3,-50.3,229
Arizona Diamondbacks,Chase Field,9,-168.9,133.7,-51.64,215.4
Arizona Diamondbacks,Chase Field,10,-161.6,121,-53.18,201.9
Arizona Diamondbacks,Chase Field,11,-154.3,108.4,-54.91,188.6
Arizona Diamondbacks,Chase Field,12,-147,95.8,-56.91,175.5
Arizona Diamondbacks,Chase Field,13,-139.6,83.1,-59.24,162.5
Arizona Diamondbacks,Chase Field,14,-132.3,70.5,-61.95,149.9
Arizona Diamondbacks,Chase Field,15,-126.2,60,-64.57,139.7
Arizona Diamondbacks,Chase Field,16,-123,56.5,-65.33,135.4
Arizona Diamondbacks,Chase Field,17,-115.7,48.8,-67.13,125.6
Arizona Diamondbacks,Chase Field,18,-105.3,37.7,-70.3,111.8
Arizona Diamondbacks,Chase Field,19,-92.6,24.2,-75.35,95.7
Arizona Diamondbacks,Chase Field,20,-78.5,9.4,-83.17,79.1
Arizona Diamondbacks,Chase Field,21,-63.9,-5.8,-95.19,64.2
Arizona Diamondbacks,Chase Field,22,-49.7,-20.3,-112.22,53.7
Arizona Diamondbacks,Chase Field,23,-36.9,-33.3,-132.06,49.7
Arizona Diamondbacks,Chase Field,24,-26.2,-43.6,-149,50.9
Arizona Diamondbacks,Chase Field,25,-18.7,-50.3,-159.61,53.7
Arizona Diamondbacks,Chase Field,26,-11,-54.6,-168.61,55.7
Arizona Diamondbacks,Chase Field,27,3.3,-57,176.69,57.1
Arizona Diamondbacks,Chase Field,28,17.3,-53.2,161.99,55.9
Arizona Diamondbacks,Chase Field,29,23.4,-49,154.47,54.3
Arizona Diamondbacks,Chase Field,30,31.9,-41.1,142.18,52
Arizona Diamondbacks,Chase Field,31,43.2,-29.8,124.6,52.5
Arizona Diamondbacks,Chase Field,32,56.3,-16.1,105.96,58.6
Arizona Diamondbacks,Chase Field,33,70.5,-1.1,90.89,70.5
Arizona Diamondbacks,Chase Field,34,84.7,14.3,80.42,85.9
Arizona Diamondbacks,Chase Field,35,98.2,28.9,73.6,102.4
Arizona Diamondbacks,Chase Field,36,110,41.8,69.19,117.7
Arizona Diamondbacks,Chase Field,37,119.2,52,66.43,130
Arizona Diamondbacks,Chase Field,38,124.9,58.4,64.94,137.9
Arizona Diamondbacks,Chase Field,39,128,62.7,63.9,142.5
Arizona Diamondbacks,Chase Field,40,135.3,75.3,60.9,154.8
Arizona Diamondbacks,Chase Field,41,142.6,87.9,58.35,167.5
Arizona Diamondbacks,Chase Field,42,149.9,100.6,56.13,180.5
Arizona Diamondbacks,Chase Field,43,157.2,113.2,54.24,193.7
Arizona Diamondbacks,Chase Field,44,164.5,125.8,52.59,207.1
Arizona Diamondbacks,Chase Field,45,171.8,138.5,51.13,220.7
Arizona Diamondbacks,Chase Field,46,179.1,151.1,49.85,234.3
Arizona Diamondbacks,Chase Field,47,187.2,163.1,48.94,248.3
Arizona Diamondbacks,Chase Field,48,197.5,173.5,48.7,262.9
Athletics,Sutter Health Park,1,27.8,-84.9,161.87,89.3
Athletics,Sutter Health Park,2,39,-74.8,152.46,84.4
Athletics,Sutter Health Park,3,50.3,-64.7,142.14,82
Athletics,Sutter Health Park,4,61.6,-54.6,131.55,82.3
Athletics,Sutter Health Park,5,72.9,-44.6,121.46,85.5
Athletics,Sutter Health Park,6,75,-43.4,120.06,86.7
Athletics,Sutter Health Park,7,78.5,-42.2,118.26,89.1
Athletics,Sutter Health Park,8,84,-40.1,115.52,93.1
Athletics,Sutter Health Park,9,91.4,-36.8,111.93,98.5
Athletics,Sutter Health Park,10,100.2,-32.4,107.92,105.3
Athletics,Sutter Health Park,11,110.1,-26.5,103.53,113.2
Athletics,Sutter Health Park,12,120.9,-19.3,99.07,122.4
Athletics,Sutter Health Park,13,132.3,-10.4,94.49,132.7
Athletics,Sutter Health Park,14,143.9,0.2,89.92,143.9
Athletics,Sutter Health Park,15,155.3,12.7,85.32,155.8
Athletics,Sutter Health Park,16,166.4,27.1,80.75,168.6
Athletics,Sutter Health Park,17,176.8,43.6,76.15,182.1
Athletics,Sutter Health Park,18,186.2,62.4,71.47,196.4
Athletics,Sutter Health Park,19,194.2,83.5,66.73,211.4
Athletics,Sutter Health Park,20,200.6,107.1,61.9,227.4
Athletics,Sutter Health Park,21,205.1,133.3,56.98,244.6
Athletics,Sutter Health Park,22,210.1,155.4,53.51,261.3
Athletics,Sutter Health Park,23,219,167.7,52.56,275.8
Athletics,Sutter Health Park,24,227.9,179.9,51.71,290.3
Athletics,Sutter Health Park,25,236.8,192.2,50.94,305
Athletics,Sutter Health Park,26,245.7,204.4,50.24,319.6
Athletics,Sutter Health Park,27,247.1,217.6,48.63,329.3
Athletics,Sutter Health Park,28,241.5,231.7,46.19,334.7
Athletics,Sutter Health Park,29,235.4,245.5,43.8,340.1
Athletics,Sutter Health Park,30,229.2,259.3,41.47,346.1
Athletics,Sutter Health Park,31,223.1,273.2,39.24,352.7
Athletics,Sutter Health Park,32,216.9,287,37.08,359.7
Athletics,Sutter Health Park,33,210.7,300.8,35.01,367.3
Athletics,Sutter Health Park,34,199.9,310.1,32.81,368.9
Athletics,Sutter Health Park,35,186,315.9,30.49,366.6
Athletics,Sutter Health Park,36,172,321.8,28.12,364.9
Athletics,Sutter Health Park,37,158.1,327.7,25.76,363.8
Athletics,Sutter Health Park,38,144.4,334,23.38,363.9
Athletics,Sutter Health Park,39,131.9,342.6,21.06,367.1
Athletics,Sutter Health Park,40,119.7,351.6,18.8,371.4
Athletics,Sutter Health Park,41,107.5,360.4,16.61,376.1
Athletics,Sutter Health Park,42,95.2,369.2,14.46,381.3
Athletics,Sutter Health Park,43,82.8,378,12.36,387
Athletics,Sutter Health Park,44,69.5,385.2,10.23,391.4
Athletics,Sutter Health Park,45,55.8,391.6,8.11,395.6
Athletics,Sutter Health Park,46,42.1,398,6.04,400.2
Athletics,Sutter Health Park,47,27.8,402.4,3.95,403.4
Athletics,Sutter Health Park,48,12.7,402.4,1.81,402.6
Atlanta Braves,Truist Park,1,236.6,227.1,46.17,328
Atlanta Braves,Truist Park,2,226.4,217,46.21,313.6
Atlanta Braves,Truist Park,3,216.2,206.9,46.26,299.2
Atlanta Braves,Truist Park,4,206,196.8,46.31,284.9
Atlanta Braves,Truist Park,5,204.4,184.1,47.99,275.1
Atlanta Braves,Truist Park,6,204.4,169.8,50.28,265.7
Atlanta Braves,Truist Park,7,200.8,155.9,52.17,254.2
Atlanta Braves,Truist Park,8,193.8,143.7,53.44,241.3
Atlanta Braves,Truist Park,9,189.9,138.9,53.82,235.3
Atlanta Braves,Truist Park,10,183.6,131.3,54.43,225.7
Atlanta Braves,Truist Park,11,175.4,121.3,55.33,213.3
Atlanta Braves,Truist Park,12,165.4,109.3,56.54,198.3
Atlanta Braves,Truist Park,13,154.2,95.8,58.15,181.5
Atlanta Braves,Truist Park,14,142,81,60.3,163.5
Atlanta Braves,Truist Park,15,129.1,65.6,63.06,144.8
Atlanta Braves,Truist Park,16,116,49.8,66.77,126.2
Atlanta Braves,Truist Park,17,103,34.1,71.68,108.5
Atlanta Braves,Truist Park,18,90.3,18.8,78.24,92.2
Atlanta Braves,Truist Park,19,78.4,4.5,86.71,78.5
Atlanta Braves,Truist Park,20,67.6,-8.5,97.17,68.1
Atlanta Braves,Truist Park,21,58.2,-19.7,108.7,61.4
Atlanta Braves,Truist Park,22,50.7,-28.9,119.68,58.4
Atlanta Braves,Truist Park,23,45.2,-35.4,128.07,57.4
Atlanta Braves,Truist Park,24,42.3,-39,132.68,57.5
Atlanta Braves,Truist Park,25,41.3,-40.1,134.16,57.6
Atlanta Braves,Truist Park,26,36.6,-45,140.88,58
Atlanta Braves,Truist Park,27,27.6,-52.3,152.18,59.1
Atlanta Braves,Truist Park,28,15,-58.9,165.71,60.8
Atlanta Braves,Truist Park,29,-0.4,-61.9,-179.63,61.9
Atlanta Braves,Truist Park,30,-18,-58.3,-162.84,61
Atlanta Braves,Truist Park,31,-37,-45,-140.57,58.3
Atlanta Braves,Truist Park,32,-47.9,-32.8,-124.4,58.1
Atlanta Braves,Truist Park,33,-57.4,-21.9,-110.88,61.4
Atlanta Braves,Truist Park,34,-66.8,-11.1,-99.43,67.7
Atlanta Braves,Truist Park,35,-76.2,-0.2,-90.15,76.2
Atlanta Braves,Truist Park,36,-85.6,10.6,-82.94,86.3
Atlanta Braves,Truist Park,37,-95,21.5,-77.25,97.4
Atlanta Braves,Truist Park,38,-104.4,32.3,-72.81,109.3
Atlanta Braves,Truist Park,39,-113.9,43.2,-69.23,121.8
Atlanta Braves,Truist Park,40,-123.3,54,-66.35,134.6
Atlanta Braves,Truist Park,41,-132.7,64.9,-63.94,147.7
Atlanta Braves,Truist Park,42,-142.1,75.7,-61.95,161
Atlanta Braves,Truist Park,43,-151.5,86.6,-60.25,174.5
Atlanta Braves,Truist Park,44,-160.9,97.4,-58.81,188.1
Atlanta Braves,Truist Park,45,-170.4,108.3,-57.56,201.9
Atlanta Braves,Truist Park,46,-179.8,119.1,-56.48,215.7
Atlanta Braves,Truist Park,47,-189.2,130,-55.51,229.6
Atlanta Braves,Truist Park,48,-198.6,140.8,-54.66,243.4
Baltimore Orioles,Oriole Park at Camden Yards,1,233.3,222.6,46.34,322.5
Baltimore Orioles,Oriole Park at Camden Yards,2,227.3,236.4,43.88,327.9
Baltimore Orioles,Oriole Park at Camden Yards,3,222.4,250.7,41.58,335.1
Baltimore Orioles,Oriole Park at Camden Yards,4,217.4,265.1,39.35,342.8
Baltimore Orioles,Oriole Park at Camden Yards,5,212.5,279.4,37.26,351
Baltimore Orioles,Oriole Park at Camden Yards,6,207.5,293.7,35.24,359.6
Baltimore Orioles,Oriole Park at Camden Yards,7,201.5,306.5,33.32,366.8
Baltimore Orioles,Oriole Park at Camden Yards,8,186.3,306.9,31.26,359
Baltimore Orioles,Oriole Park at Camden Yards,9,173.1,311,29.1,355.9
Baltimore Orioles,Oriole Park at Camden Yards,10,164.7,323.6,26.97,363.1
Baltimore Orioles,Oriole Park at Camden Yards,11,156.2,336.1,24.93,370.6
Baltimore Orioles,Oriole Park at Camden Yards,12,147.7,348.7,22.96,378.7
Baltimore Orioles,Oriole Park at Camden Yards,13,140,361.6,21.16,387.8
Baltimore Orioles,Oriole Park at Camden Yards,14,136.6,369.2,20.3,393.7
Baltimore Orioles,Oriole Park at Camden Yards,15,123.1,370.1,18.4,390
Baltimore Orioles,Oriole Park at Camden Yards,16,108.5,374.1,16.17,389.5
Baltimore Orioles,Oriole Park at Camden Yards,17,93.8,378.1,13.93,389.6
Baltimore Orioles,Oriole Park at Camden Yards,18,79.2,382.1,11.71,390.2
Baltimore Orioles,Oriole Park at Camden Yards,19,64.6,386.1,9.5,391.5
Baltimore Orioles,Oriole Park at Camden Yards,20,50,390.1,7.3,393.3
Baltimore Orioles,Oriole Park at Camden Yards,21,35.3,394.1,5.12,395.7
Baltimore Orioles,Oriole Park at Camden Yards,22,20.7,398.1,2.98,398.6
Baltimore Orioles,Oriole Park at Camden Yards,23,6.1,402.1,0.87,402.1
Baltimore Orioles,Oriole Park at Camden Yards,24,-8.6,406.1,-1.21,406.2
Baltimore Orioles,Oriole Park at Camden Yards,25,-23.2,410.1,-3.24,410.8
Baltimore Orioles,Oriole Park at Camden Yards,26,-37.1,410.1,-5.17,411.8
Baltimore Orioles,Oriole Park at Camden Yards,27,-49.7,401.5,-7.06,404.6
Baltimore Orioles,Oriole Park at Camden Yards,28,-62.2,392.9,-9,397.8
Baltimore Orioles,Oriole Park at Camden Yards,29,-74.7,384.4,-11,391.6
Baltimore Orioles,Oriole Park at Camden Yards,30,-87.2,375.8,-13.06,385.8
Baltimore Orioles,Oriole Park at Camden Yards,31,-99.7,367.2,-15.19,380.5
Baltimore Orioles,Oriole Park at Camden Yards,32,-110,370.3,-16.54,386.3
Baltimore Orioles,Oriole Park at Camden Yards,33,-118.6,382.8,-17.21,400.8
Baltimore Orioles,Oriole Park at Camden Yards,34,-130,380.2,-18.88,401.8
Baltimore Orioles,Oriole Park at Camden Yards,35,-142.6,371.7,-20.99,398.1
Baltimore Orioles,Oriole Park at Camden Yards,36,-155.1,363.2,-23.12,394.9
Baltimore Orioles,Oriole Park at Camden Yards,37,-167.7,354.7,-25.3,392.3
Baltimore Orioles,Oriole Park at Camden Yards,38,-180.2,346.2,-27.5,390.3
Baltimore Orioles,Oriole Park at Camden Yards,39,-192.8,337.7,-29.72,388.9
Baltimore Orioles,Oriole Park at Camden Yards,40,-205.3,329.2,-31.95,388
Baltimore Orioles,Oriole Park at Camden Yards,41,-217.9,320.7,-34.19,387.7
Baltimore Orioles,Oriole Park at Camden Yards,42,-230.4,312.2,-36.43,388
Baltimore Orioles,Oriole Park at Camden Yards,43,-243,303.7,-38.66,389
Baltimore Orioles,Oriole Park at Camden Yards,44,-249.9,290.6,-40.69,383.3
Baltimore Orioles,Oriole Park at Camden Yards,45,-254.5,276.5,-42.63,375.8
Baltimore Orioles,Oriole Park at Camden Yards,46,-249.9,262.1,-43.64,362.1
Baltimore Orioles,Oriole Park at Camden Yards,47,-245.3,247.6,-44.73,348.5
Baltimore Orioles,Oriole Park at Camden Yards,48,-243.7,233.7,-46.2,337.6
Boston Red Sox,Fenway Park,1,222.1,209.1,46.73,305
Boston Red Sox,Fenway Park,2,228.3,222.5,45.74,318.8
Boston Red Sox,Fenway Park,3,234.5,235.9,44.83,332.6
Boston Red Sox,Fenway Park,4,240.8,249.2,44.02,346.5
Boston Red Sox,Fenway Park,5,246.7,262.7,43.2,360.4
Boston Red Sox,Fenway Park,6,250.9,276.7,42.2,373.5
Boston Red Sox,Fenway Park,7,248,291,40.44,382.3
Boston Red Sox,Fenway Park,8,239.1,302.6,38.31,385.7
Boston Red Sox,Fenway Park,9,226,309.3,36.15,383.1
Boston Red Sox,Fenway Park,10,212.8,315.9,33.97,380.9
Boston Red Sox,Fenway Park,11,199.6,322.4,31.76,379.2
Boston Red Sox,Fenway Park,12,186.4,329,29.53,378.1
Boston Red Sox,Fenway Park,13,173.2,335.5,27.3,377.6
Boston Red Sox,Fenway Park,14,160,342.1,25.07,377.7
Boston Red Sox,Fenway Park,15,146.8,348.6,22.84,378.2
Boston Red Sox,Fenway Park,16,133.6,355.2,20.61,379.5
Boston Red Sox,Fenway Park,17,120.4,361.7,18.41,381.2
Boston Red Sox,Fenway Park,18,107.2,368.3,16.23,383.6
Boston Red Sox,Fenway Park,19,95.7,376.3,14.27,388.3
Boston Red Sox,Fenway Park,20,91.2,390.3,13.15,400.8
Boston Red Sox,Fenway Park,21,86.4,404.2,12.07,413.3
Boston Red Sox,Fenway Park,22,77,410.6,10.62,417.8
Boston Red Sox,Fenway Park,23,62.8,406.8,8.78,411.6
Boston Red Sox,Fenway Park,24,48.6,402.9,6.88,405.8
Boston Red Sox,Fenway Park,25,34.4,399,4.93,400.5
Boston Red Sox,Fenway Park,26,20.1,395.2,2.91,395.7
Boston Red Sox,Fenway Park,27,5.9,391.4,0.86,391.4
Boston Red Sox,Fenway Park,28,-8.3,387.5,-1.23,387.6
Boston Red Sox,Fenway Park,29,-22.5,383.7,-3.36,384.4
Boston Red Sox,Fenway Park,30,-36.7,379.8,-5.52,381.6
Boston Red Sox,Fenway Park,31,-50.2,379.2,-7.54,382.5
Boston Red Sox,Fenway Park,32,-61.7,379.3,-9.24,384.3
Boston Red Sox,Fenway Park,33,-72.1,369,-11.06,376
Boston Red Sox,Fenway Park,34,-82.4,358.4,-12.95,367.8
Boston Red Sox,Fenway Park,35,-92.9,348,-14.95,360.2
Boston Red Sox,Fenway Park,36,-103.3,337.6,-17.01,353.1
Boston Red Sox,Fenway Park,37,-113.6,327.1,-19.15,346.3
Boston Red Sox,Fenway Park,38,-124,316.6,-21.39,340
Boston Red Sox,Fenway Park,39,-134.5,306.3,-23.71,334.5
Boston Red Sox,Fenway Park,40,-145,296,-26.1,329.6
Boston Red Sox,Fenway Park,41,-155.3,285.5,-28.54,325
Boston Red Sox,Fenway Park,42,-165.7,275.1,-31.06,321.1
Boston Red Sox,Fenway Park,43,-176.2,264.7,-33.65,318
Boston Red Sox,Fenway Park,44,-186.6,254.3,-36.27,315.4
Boston Red Sox,Fenway Park,45,-197,243.8,-38.94,313.4
Boston Red Sox,Fenway Park,46,-207.5,233.5,-41.63,312.4
Boston Red Sox,Fenway Park,47,-217.9,223,-44.34,311.8
Boston Red Sox,Fenway Park,48,-225.1,212.6,-46.64,309.6
Chicago Cubs,Wrigley Field,1,260,243.7,46.85,356.4
Chicago Cubs,Wrigley Field,2,250.7,255.2,44.49,357.7
Chicago Cubs,Wrigley Field,3,241.2,266.7,42.13,359.6
Chicago Cubs,Wrigley Field,4,231.8,278.2,39.8,362.1
Chicago Cubs,Wrigley Field,5,222.3,289.6,37.51,365.1
Chicago Cubs,Wrigley Field,6,211.2,298.6,35.27,365.7
Chicago Cubs,Wrigley Field,7,196.7,296.1,33.6,355.5
Chicago Cubs,Wrigley Field,8,184.4,303.5,31.28,355.1
Chicago Cubs,Wrigley Field,9,174,314.1,28.98,359.1
Chicago Cubs,Wrigley Field,10,163.5,324.7,26.73,363.5
Chicago Cubs,Wrigley Field,11,153,335.2,24.53,368.5
Chicago Cubs,Wrigley Field,12,142.6,345.8,22.41,374
Chicago Cubs,Wrigley Field,13,132.1,356.3,20.34,380
Chicago Cubs,Wrigley Field,14,121.6,366.8,18.34,386.4
Chicago Cubs,Wrigley Field,15,110,376.2,16.3,392
Chicago Cubs,Wrigley Field,16,97.6,384.3,14.25,396.5
Chicago Cubs,Wrigley Field,17,84.4,391.2,12.17,400.2
Chicago Cubs,Wrigley Field,18,70.6,396.6,10.09,402.8
Chicago Cubs,Wrigley Field,19,56.3,400.7,8,404.6
Chicago Cubs,Wrigley Field,20,41.6,402.8,5.9,404.9
Chicago Cubs,Wrigley Field,21,26.7,403.7,3.78,404.6
Chicago Cubs,Wrigley Field,22,11.9,402.4,1.69,402.6
Chicago Cubs,Wrigley Field,23,-2.7,400,-0.39,400
Chicago Cubs,Wrigley Field,24,-17.1,396.1,-2.47,396.5
Chicago Cubs,Wrigley Field,25,-30.3,389.4,-4.45,390.6
Chicago Cubs,Wrigley Field,26,-43.2,381.9,-6.45,384.3
Chicago Cubs,Wrigley Field,27,-55.8,374.1,-8.48,378.2
Chicago Cubs,Wrigley Field,28,-68.6,366.4,-10.6,372.8
Chicago Cubs,Wrigley Field,29,-81.2,358.6,-12.76,367.7
Chicago Cubs,Wrigley Field,30,-93.9,350.8,-14.99,363.1
Chicago Cubs,Wrigley Field,31,-106.6,343.1,-17.26,359.3
Chicago Cubs,Wrigley Field,32,-119.3,335.4,-19.58,356
Chicago Cubs,Wrigley Field,33,-132,327.6,-21.95,353.2
Chicago Cubs,Wrigley Field,34,-144.7,319.8,-24.35,351
Chicago Cubs,Wrigley Field,35,-157.4,312.1,-26.76,349.5
Chicago Cubs,Wrigley Field,36,-170.7,305.8,-29.17,350.2
Chicago Cubs,Wrigley Field,37,-185,303.9,-31.33,355.8
Chicago Cubs,Wrigley Field,38,-196.7,294.8,-33.71,354.4
Chicago Cubs,Wrigley Field,39,-208.1,285.3,-36.11,353.1
Chicago Cubs,Wrigley Field,40,-219.5,275.7,-38.53,352.4
Chicago Cubs,Wrigley Field,41,-230.9,266.1,-40.95,352.3
Chicago Cubs,Wrigley Field,42,-242.3,256.5,-43.37,352.8
Chicago Cubs,Wrigley Field,43,-253.8,247.1,-45.77,354.2
Chicago Cubs,Wrigley Field,44,-251.6,236.4,-46.78,345.2
Chicago Cubs,Wrigley Field,45,-241.1,225.9,-46.86,330.4
Chicago Cubs,Wrigley Field,46,-230.5,215.4,-46.94,315.5
Chicago Cubs,Wrigley Field,47,-220,204.8,-47.05,300.6
Chicago Cubs,Wrigley Field,48,-209.8,194.1,-47.23,285.8
Chicago White Sox,Rate Field,1,247.4,235.9,46.36,341.8
Chicago White Sox,Rate Field,2,237.8,246.6,43.96,342.6
Chicago White Sox,Rate Field,3,228.2,257.4,41.56,344
Chicago White Sox,Rate Field,4,218.5,268,39.19,345.8
Chicago White Sox,Rate Field,5,208.9,278.8,36.84,348.4
Chicago White Sox,Rate Field,6,199.3,289.6,34.54,351.6
Chicago White Sox,Rate Field,7,189.8,300.4,32.29,355.3
Chicago White Sox,Rate Field,8,180.1,311.1,30.07,359.5
Chicago White Sox,Rate Field,9,170.4,321.7,27.91,364
Chicago White Sox,Rate Field,10,160.7,332.4,25.8,369.2
Chicago White Sox,Rate Field,11,151,343.1,23.75,374.9
Chicago White Sox,Rate Field,12,140.5,352.9,21.71,379.8
Chicago White Sox,Rate Field,13,129.3,362,19.66,384.4
Chicago White Sox,Rate Field,14,117.4,370,17.6,388.2
Chicago White Sox,Rate Field,15,105.1,377.6,15.55,392
Chicago White Sox,Rate Field,16,91.9,383.2,13.49,394.1
Chicago White Sox,Rate Field,17,78.5,388.7,11.42,396.5
Chicago White Sox,Rate Field,18,65.1,393.9,9.38,399.2
Chicago White Sox,Rate Field,19,52.3,400.5,7.44,403.9
Chicago White Sox,Rate Field,20,39.2,406,5.51,407.9
Chicago White Sox,Rate Field,21,24.8,406.3,3.49,407.1
Chicago White Sox,Rate Field,22,10.4,406.3,1.47,406.4
Chicago White Sox,Rate Field,23,-4,406.3,-0.56,406.3
Chicago White Sox,Rate Field,24,-18.4,406.3,-2.59,406.7
Chicago White Sox,Rate Field,25,-32.8,406.3,-4.62,407.6
Chicago White Sox,Rate Field,26,-46.6,403.2,-6.59,405.9
Chicago White Sox,Rate Field,27,-59,395.8,-8.48,400.2
Chicago White Sox,Rate Field,28,-71.7,389.1,-10.44,395.7
Chicago White Sox,Rate Field,29,-85.1,383.7,-12.51,393
Chicago White Sox,Rate Field,30,-98.3,377.9,-14.58,390.5
Chicago White Sox,Rate Field,31,-110.7,370.5,-16.64,386.7
Chicago White Sox,Rate Field,32,-122.7,362.6,-18.7,382.8
Chicago White Sox,Rate Field,33,-134.1,353.8,-20.76,378.4
Chicago White Sox,Rate Field,34,-144.6,344,-22.8,373.2
Chicago White Sox,Rate Field,35,-154.9,333.8,-24.89,368
Chicago White Sox,Rate Field,36,-165.2,323.8,-27.03,363.5
Chicago White Sox,Rate Field,37,-175.5,313.7,-29.22,359.5
Chicago White Sox,Rate Field,38,-185.8,303.7,-31.46,356
Chicago White Sox,Rate Field,39,-196.1,293.6,-33.74,353.1
Chicago White Sox,Rate Field,40,-205.5,282.7,-36.01,349.5
Chicago White Sox,Rate Field,41,-214.1,271.1,-38.3,345.4
Chicago White Sox,Rate Field,42,-222.7,259.6,-40.62,342
Chicago White Sox,Rate Field,43,-231.3,248,-43,339.1
Chicago White Sox,Rate Field,44,-239.8,236.3,-45.42,336.7
Chicago White Sox,Rate Field,45,-248.5,224.9,-47.85,335.2
Chicago White Sox,Rate Field,46,-241.4,215,-48.31,323.3
Chicago White Sox,Rate Field,47,-230.6,205.4,-48.31,308.8
Chicago White Sox,Rate Field,48,-220.8,194.9,-48.57,294.5
Cincinnati Reds,Great American Ball Park,1,-241.8,221.1,-47.56,327.6
Cincinnati Reds,Great American Ball Park,2,-231.8,211,-47.69,313.5
Cincinnati Reds,Great American Ball Park,3,-221.8,201,-47.82,299.3
Cincinnati Reds,Great American Ball Park,4,-211.7,191,-47.94,285.1
Cincinnati Reds,Great American Ball Park,5,-201.7,180.9,-48.11,270.9
Cincinnati Reds,Great American Ball Park,6,-191.7,170.9,-48.28,256.8
Cincinnati Reds,Great American Ball Park,7,-181.6,160.8,-48.48,242.6
Cincinnati Reds,Great American Ball Park,8,-171.6,150.8,-48.69,228.4
Cincinnati Reds,Great American Ball Park,9,-161.6,140.7,-48.95,214.3
Cincinnati Reds,Great American Ball Park,10,-151.5,130.7,-49.22,200.1
Cincinnati Reds,Great American Ball Park,11,-146,117.8,-51.1,187.6
Cincinnati Reds,Great American Ball Park,12,-141.4,104.4,-53.56,175.8
Cincinnati Reds,Great American Ball Park,13,-136.8,91,-56.37,164.3
Cincinnati Reds,Great American Ball Park,14,-132.2,77.5,-59.62,153.2
Cincinnati Reds,Great American Ball Park,15,-127.6,64.1,-63.33,142.8
Cincinnati Reds,Great American Ball Park,16,-123.3,56.2,-65.5,135.5
Cincinnati Reds,Great American Ball Park,17,-116.5,46.2,-68.37,125.3
Cincinnati Reds,Great American Ball Park,18,-107.4,33,-72.92,112.4
Cincinnati Reds,Great American Ball Park,19,-96.8,17.9,-79.52,98.4
Cincinnati Reds,Great American Ball Park,20,-85.7,2.2,-88.53,85.7
Cincinnati Reds,Great American Ball Park,21,-74.8,-12.7,-99.64,75.9
Cincinnati Reds,Great American Ball Park,22,-65.1,-25.5,-111.39,69.9
Cincinnati Reds,Great American Ball Park,23,-57.4,-34.9,-121.3,67.2
Cincinnati Reds,Great American Ball Park,24,-52.6,-39.4,-126.84,65.7
Cincinnati Reds,Great American Ball Park,25,-49.8,-42.7,-130.61,65.6
Cincinnati Reds,Great American Ball Park,26,-40.5,-50.1,-141.05,64.4
Cincinnati Reds,Great American Ball Park,27,-23.8,-58,-157.69,62.7
Cincinnati Reds,Great American Ball Park,28,-3,-62,-177.23,62.1
Cincinnati Reds,Great American Ball Park,29,9.7,-62,171.11,62.8
Cincinnati Reds,Great American Ball Park,30,23.3,-59.1,158.48,63.5
Cincinnati Reds,Great American Ball Park,31,37.3,-53.3,145.02,65.1
Cincinnati Reds,Great American Ball Park,32,46,-46.8,135.49,65.6
Cincinnati Reds,Great American Ball Park,33,56.1,-36.9,123.34,67.1
Cincinnati Reds,Great American Ball Park,34,67,-24.8,110.31,71.4
Cincinnati Reds,Great American Ball Park,35,78,-11.7,98.53,78.9
Cincinnati Reds,Great American Ball Park,36,88.2,1.3,89.16,88.2
Cincinnati Reds,Great American Ball Park,37,97,13,82.37,97.9
Cincinnati Reds,Great American Ball Park,38,103.7,22.1,77.97,106
Cincinnati Reds,Great American Ball Park,39,108.9,30.2,74.5,113
Cincinnati Reds,Great American Ball Park,40,116.1,42.7,69.81,123.7
Cincinnati Reds,Great American Ball Park,41,124.6,58.2,64.96,137.5
Cincinnati Reds,Great American Ball Park,42,133.7,75.2,60.64,153.4
Cincinnati Reds,Great American Ball Park,43,142.9,92.5,57.08,170.2
Cincinnati Reds,Great American Ball Park,44,151.3,108.7,54.31,186.3
Cincinnati Reds,Great American Ball Park,45,158.3,122.3,52.31,200
Cincinnati Reds,Great American Ball Park,46,163.3,132,51.05,210
Cincinnati Reds,Great American Ball Park,47,165.5,136.3,50.53,214.4
Cincinnati Reds,Great American Ball Park,48,167.9,138.8,50.42,217.8
Cleveland Guardians,Progressive Field,1,239.8,228.8,46.34,331.4
Cleveland Guardians,Progressive Field,2,231.8,240.6,43.93,334.1
Cleveland Guardians,Progressive Field,3,223.8,252.5,41.55,337.4
Cleveland Guardians,Progressive Field,4,215.8,264.4,39.22,341.3
Cleveland Guardians,Progressive Field,5,207.8,276.2,36.96,345.6
Cleveland Guardians,Progressive Field,6,199.9,288.2,34.75,350.7
Cleveland Guardians,Progressive Field,7,192,300,32.62,356.2
Cleveland Guardians,Progressive Field,8,184,311.9,30.54,362.1
Cleveland Guardians,Progressive Field,9,175.9,323.7,28.52,368.4
Cleveland Guardians,Progressive Field,10,167.9,335.5,26.59,375.2
Cleveland Guardians,Progressive Field,11,158.2,345.8,24.58,380.3
Cleveland Guardians,Progressive Field,12,144.9,351,22.43,379.7
Cleveland Guardians,Progressive Field,13,131.5,356,20.27,379.5
Cleveland Guardians,Progressive Field,14,118.2,361.2,18.12,380
Cleveland Guardians,Progressive Field,15,104.9,366.4,15.98,381.1
Cleveland Guardians,Progressive Field,16,91.5,371.6,13.83,382.7
Cleveland Guardians,Progressive Field,17,78.2,376.7,11.73,384.7
Cleveland Guardians,Progressive Field,18,64.8,381.8,9.63,387.3
Cleveland Guardians,Progressive Field,19,51.4,386.8,7.57,390.2
Cleveland Guardians,Progressive Field,20,38,391.9,5.54,393.7
Cleveland Guardians,Progressive Field,21,24.7,396.9,3.56,397.7
Cleveland Guardians,Progressive Field,22,11.3,401.9,1.61,402.1
Cleveland Guardians,Progressive Field,23,-2.2,406.6,-0.31,406.6
Cleveland Guardians,Progressive Field,24,-15.6,411.7,-2.17,412
Cleveland Guardians,Progressive Field,25,-29.3,412.6,-4.06,413.6
Cleveland Guardians,Progressive Field,26,-41.2,404.7,-5.81,406.8
Cleveland Guardians,Progressive Field,27,-53,396.7,-7.61,400.2
Cleveland Guardians,Progressive Field,28,-64.9,388.7,-9.48,394.1
Cleveland Guardians,Progressive Field,29,-76.7,380.7,-11.39,388.3
Cleveland Guardians,Progressive Field,30,-88.6,372.7,-13.37,383.1
Cleveland Guardians,Progressive Field,31,-100.5,364.8,-15.4,378.4
Cleveland Guardians,Progressive Field,32,-112.3,356.7,-17.48,374
Cleveland Guardians,Progressive Field,33,-124.2,348.8,-19.6,370.3
Cleveland Guardians,Progressive Field,34,-136.1,340.8,-21.77,367
Cleveland Guardians,Progressive Field,35,-148,332.9,-23.97,364.3
Cleveland Guardians,Progressive Field,36,-159.8,324.9,-26.19,362.1
Cleveland Guardians,Progressive Field,37,-171.7,317,-28.44,360.5
Cleveland Guardians,Progressive Field,38,-183.5,308.9,-30.71,359.3
Cleveland Guardians,Progressive Field,39,-195.3,300.9,-32.99,358.7
Cleveland Guardians,Progressive Field,40,-204.1,290,-35.14,354.6
Cleveland Guardians,Progressive Field,41,-211.1,277.5,-37.26,348.7
Cleveland Guardians,Progressive Field,42,-217.9,265,-39.43,343.1
Cleveland Guardians,Progressive Field,43,-224.7,252.4,-41.68,337.9
Cleveland Guardians,Progressive Field,44,-231.6,239.8,-44,333.4
Cleveland Guardians,Progressive Field,45,-238.4,227.3,-46.37,329.4
Cleveland Guardians,Progressive Field,46,-238.2,215.9,-47.81,321.5
Cleveland Guardians,Progressive Field,47,-228.2,205.7,-47.97,307.2
Cleveland Guardians,Progressive Field,48,-218.2,195.5,-48.14,293
Colorado Rockies,Coors Field,1,257.1,245.4,46.33,355.4
Colorado Rockies,Coors Field,2,251.1,257.9,44.23,359.9
Colorado Rockies,Coors Field,3,239.7,267.4,41.87,359.1
Colorado Rockies,Coors Field,4,228.2,276.9,39.49,358.8
Colorado Rockies,Coors Field,5,216.7,286.4,37.11,359.1
Colorado Rockies,Coors Field,6,205.3,295.9,34.75,360.1
Colorado Rockies,Coors Field,7,193.9,305.5,32.4,361.8
Colorado Rockies,Coors Field,8,182.5,315.1,30.08,364.1
Colorado Rockies,Coors Field,9,171.1,324.7,27.79,367
Colorado Rockies,Coors Field,10,159.7,334.3,25.53,370.5
Colorado Rockies,Coors Field,11,148.2,343.8,23.32,374.4
Colorado Rockies,Coors Field,12,136.8,353.4,21.16,379
Colorado Rockies,Coors Field,13,125.4,362.9,19.06,384
Colorado Rockies,Coors Field,14,113.9,372.5,17,389.5
Colorado Rockies,Coors Field,15,102.5,382.1,15.02,395.6
Colorado Rockies,Coors Field,16,91.1,391.6,13.1,402.1
Colorado Rockies,Coors Field,17,79.6,401.1,11.22,408.9
Colorado Rockies,Coors Field,18,68.2,410.7,9.43,416.3
Colorado Rockies,Coors Field,19,56,419,7.61,422.7
Colorado Rockies,Coors Field,20,41.4,419.2,5.64,421.2
Colorado Rockies,Coors Field,21,26.6,417.9,3.64,418.7
Colorado Rockies,Coors Field,22,11.7,416.6,1.61,416.8
Colorado Rockies,Coors Field,23,-3.1,415.3,-0.43,415.3
Colorado Rockies,Coors Field,24,-17.9,414,-2.48,414.4
Colorado Rockies,Coors Field,25,-32.8,412.8,-4.54,414.1
Colorado Rockies,Coors Field,26,-47.6,411.5,-6.6,414.2
Colorado Rockies,Coors Field,27,-62.5,410.2,-8.66,414.9
Colorado Rockies,Coors Field,28,-77.3,408.9,-10.71,416.1
Colorado Rockies,Coors Field,29,-92.1,407.6,-12.73,417.9
Colorado Rockies,Coors Field,30,-107,406.3,-14.75,420.2
Colorado Rockies,Coors Field,31,-119.8,400,-16.67,417.6
Colorado Rockies,Coors Field,32,-129.5,388.6,-18.43,409.6
Colorado Rockies,Coors Field,33,-139,377.1,-20.23,401.9
Colorado Rockies,Coors Field,34,-148.5,365.7,-22.1,394.7
Colorado Rockies,Coors Field,35,-158,354.2,-24.04,387.8
Colorado Rockies,Coors Field,36,-167.6,342.8,-26.05,381.6
Colorado Rockies,Coors Field,37,-177.1,331.3,-28.13,375.7
Colorado Rockies,Coors Field,38,-186.6,319.8,-30.26,370.3
Colorado Rockies,Coors Field,39,-196.1,308.4,-32.45,365.5
Colorado Rockies,Coors Field,40,-205.7,297,-34.71,361.3
Colorado Rockies,Coors Field,41,-215.3,285.6,-37.01,357.7
Colorado Rockies,Coors Field,42,-224.9,274.2,-39.36,354.6
Colorado Rockies,Coors Field,43,-234.3,262.7,-41.73,352
Colorado Rockies,Coors Field,44,-243.8,251.2,-44.14,350.1
Colorado Rockies,Coors Field,45,-253.2,239.6,-46.58,348.6
Colorado Rockies,Coors Field,46,-253.7,228,-48.05,341.1
Colorado Rockies,Coors Field,47,-242.9,217.7,-48.13,326.2
Colorado Rockies,Coors Field,48,-232.2,207.4,-48.23,311.3
Detroit Tigers,Comerica Park,1,121.3,31.7,75.35,125.4
Detroit Tigers,Comerica Park,2,133.5,37.1,74.47,138.6
Detroit Tigers,Comerica Park,3,142,49.5,70.78,150.4
Detroit Tigers,Comerica Park,4,150.4,61.9,67.63,162.6
Detroit Tigers,Comerica Park,5,158.9,74.3,64.94,175.4
Detroit Tigers,Comerica Park,6,167.4,86.7,62.62,188.5
Detroit Tigers,Comerica Park,7,175.9,99.1,60.6,201.9
Detroit Tigers,Comerica Park,8,184.4,111.5,58.84,215.5
Detroit Tigers,Comerica Park,9,192.9,123.9,57.29,229.3
Detroit Tigers,Comerica Park,10,196.8,137.7,55.02,240.2
Detroit Tigers,Comerica Park,11,196.8,152.7,52.19,249.1
Detroit Tigers,Comerica Park,12,198.2,167.2,49.85,259.3
Detroit Tigers,Comerica Park,13,208.7,177.9,49.56,274.2
Detroit Tigers,Comerica Park,14,219.2,188.6,49.29,289.2
Detroit Tigers,Comerica Park,15,229.8,199.3,49.07,304.2
Detroit Tigers,Comerica Park,16,240.3,210.1,48.84,319.2
Detroit Tigers,Comerica Park,17,243.5,224.3,47.35,331.1
Detroit Tigers,Comerica Park,18,245,239.3,45.67,342.5
Detroit Tigers,Comerica Park,19,237.1,251.2,43.35,345.4
Detroit Tigers,Comerica Park,20,226.5,261.9,40.85,346.3
Detroit Tigers,Comerica Park,21,215.9,272.5,38.39,347.7
Detroit Tigers,Comerica Park,22,205.2,283.1,35.94,349.6
Detroit Tigers,Comerica Park,23,194.6,293.7,33.53,352.3
Detroit Tigers,Comerica Park,24,184,304.4,31.15,355.7
Detroit Tigers,Comerica Park,25,173.4,315,28.83,359.6
Detroit Tigers,Comerica Park,26,162.8,325.7,26.56,364.1
Detroit Tigers,Comerica Park,27,152.2,336.3,24.35,369.1
Detroit Tigers,Comerica Park,28,146.5,349.9,22.72,379.3
Detroit Tigers,Comerica Park,29,142,364.1,21.31,390.8
Detroit Tigers,Comerica Park,30,132.4,375.5,19.42,398.2
Detroit Tigers,Comerica Park,31,121.8,386.1,17.51,404.9
Detroit Tigers,Comerica Park,32,111.2,396.8,15.66,412.1
Detroit Tigers,Comerica Park,33,100.5,407.4,13.86,419.6
Detroit Tigers,Comerica Park,34,89.9,418,12.14,427.6
Detroit Tigers,Comerica Park,35,79.2,428.4,10.47,435.7
Detroit Tigers,Comerica Park,36,64.4,430,8.52,434.8
Detroit Tigers,Comerica Park,37,49.3,429.5,6.55,432.3
Detroit Tigers,Comerica Park,38,34.3,429.1,4.57,430.5
Detroit Tigers,Comerica Park,39,19.3,428.6,2.58,429
Detroit Tigers,Comerica Park,40,4.3,428.1,0.58,428.1
Detroit Tigers,Comerica Park,41,-10.7,427.7,-1.43,427.8
Detroit Tigers,Comerica Park,42,-25.8,427.2,-3.46,428
Detroit Tigers,Comerica Park,43,-40.8,426.7,-5.46,428.6
Detroit Tigers,Comerica Park,44,-55.8,426.3,-7.46,429.9
Detroit Tigers,Comerica Park,45,-69.5,422.3,-9.35,428
Detroit Tigers,Comerica Park,46,-80.3,411.7,-11.04,419.5
Detroit Tigers,Comerica Park,47,-90.9,401.1,-12.77,411.3
Detroit Tigers,Comerica Park,48,-101.6,390.6,-14.58,403.6
Houston Astros,Daikin Park,1,241.6,229.1,46.52,333
Houston Astros,Daikin Park,2,232.3,240.4,44.02,334.3
Houston Astros,Daikin Park,3,222.9,251.7,41.53,336.2
Houston Astros,Daikin Park,4,213.6,263,39.08,338.8
Houston Astros,Daikin Park,5,204.3,274.4,36.67,342.1
Houston Astros,Daikin Park,6,195,285.7,34.31,345.9
Houston Astros,Daikin Park,7,185.6,296.9,32.01,350.1
Houston Astros,Daikin Park,8,176.2,308.2,29.76,355
Houston Astros,Daikin Park,9,166.8,319.5,27.57,360.4
Houston Astros,Daikin Park,10,157.5,330.8,25.46,366.4
Houston Astros,Daikin Park,11,148.1,342,23.41,372.7
Houston Astros,Daikin Park,12,135.8,348.2,21.31,373.7
Houston Astros,Daikin Park,13,125.7,358.7,19.31,380.1
Houston Astros,Daikin Park,14,116.3,370,17.45,387.8
Houston Astros,Daikin Park,15,107.1,381.3,15.69,396.1
Houston Astros,Daikin Park,16,97.8,392.7,13.98,404.7
Houston Astros,Daikin Park,17,87.8,403.4,12.28,412.8
Houston Astros,Daikin Park,18,79.1,415,10.79,422.5
Houston Astros,Daikin Park,19,69.6,425.9,9.28,431.5
Houston Astros,Daikin Park,20,57.5,434,7.55,437.8
Houston Astros,Daikin Park,21,44.1,439.9,5.72,442.1
Houston Astros,Daikin Park,22,29.8,443.2,3.85,444.2
Houston Astros,Daikin Park,23,15.6,443.5,2.01,443.8
Houston Astros,Daikin Park,24,7.7,431.3,1.02,431.4
Houston Astros,Daikin Park,25,-6.6,434.6,-0.87,434.7
Houston Astros,Daikin Park,26,-20.3,432.2,-2.69,432.7
Houston Astros,Daikin Park,27,-32.3,423.7,-4.36,424.9
Houston Astros,Daikin Park,28,-43,413.7,-5.93,415.9
Houston Astros,Daikin Park,29,-54.3,404.4,-7.65,408
Houston Astros,Daikin Park,30,-65.8,395.3,-9.45,400.7
Houston Astros,Daikin Park,31,-77.2,386.2,-11.3,393.8
Houston Astros,Daikin Park,32,-88.7,377,-13.24,387.3
Houston Astros,Daikin Park,33,-100.2,367.9,-15.24,381.3
Houston Astros,Daikin Park,34,-111.7,358.8,-17.29,375.8
Houston Astros,Daikin Park,35,-123.2,349.7,-19.41,370.8
Houston Astros,Daikin Park,36,-134.6,340.5,-21.57,366.1
Houston Astros,Daikin Park,37,-145.9,331.3,-23.77,362
Houston Astros,Daikin Park,38,-143.5,316.9,-24.36,347.9
Houston Astros,Daikin Park,39,-144.5,303.6,-25.45,336.2
Houston Astros,Daikin Park,40,-155.4,293.8,-27.88,332.4
Houston Astros,Daikin Park,41,-166.3,284.1,-30.34,329.2
Houston Astros,Daikin Park,42,-177.1,274.1,-32.87,326.3
Houston Astros,Daikin Park,43,-187.6,263.8,-35.42,323.7
Houston Astros,Daikin Park,44,-198.1,253.6,-38,321.8
Houston Astros,Daikin Park,45,-208.6,243.4,-40.6,320.6
Houston Astros,Daikin Park,46,-219.1,233.2,-43.21,320
Houston Astros,Daikin Park,47,-229.6,222.9,-45.85,320
Houston Astros,Daikin Park,48,-234.9,213.6,-47.72,317.5
Kansas City Royals,Kauffman Stadium,1,243.2,231.6,46.4,335.8
Kansas City Royals,Kauffman Stadium,2,246.8,246.2,45.07,348.6
Kansas City Royals,Kauffman Stadium,3,245.9,261.2,43.27,358.7
Kansas City Royals,Kauffman Stadium,4,240.9,275.5,41.17,366
Kansas City Royals,Kauffman Stadium,5,232.7,288.1,38.93,370.3
Kansas City Royals,Kauffman Stadium,6,222,298.8,36.61,372.2
Kansas City Royals,Kauffman Stadium,7,211.4,309.5,34.33,374.8
Kansas City Royals,Kauffman Stadium,8,200.7,320.2,32.08,377.9
Kansas City Royals,Kauffman Stadium,9,190,330.9,29.86,381.6
Kansas City Royals,Kauffman Stadium,10,179.2,341.4,27.69,385.6
Kansas City Royals,Kauffman Stadium,11,167.7,351.2,25.52,389.2
Kansas City Royals,Kauffman Stadium,12,156,360.8,23.38,393.1
Kansas City Royals,Kauffman Stadium,13,143.7,369.6,21.25,396.6
Kansas City Royals,Kauffman Stadium,14,131.1,377.8,19.14,399.9
Kansas City Royals,Kauffman Stadium,15,118.1,385.6,17.03,403.3
Kansas City Royals,Kauffman Stadium,16,104.7,392.5,14.94,406.2
Kansas City Royals,Kauffman Stadium,17,90.8,398.6,12.83,408.8
Kansas City Royals,Kauffman Stadium,18,76.5,403.4,10.74,410.6
Kansas City Royals,Kauffman Stadium,19,62,407.6,8.65,412.3
Kansas City Royals,Kauffman Stadium,20,47.3,410.8,6.57,413.5
Kansas City Royals,Kauffman Stadium,21,32.4,413.4,4.48,414.7
Kansas City Royals,Kauffman Stadium,22,17.3,415,2.39,415.4
Kansas City Royals,Kauffman Stadium,23,2.3,415.6,0.32,415.6
Kansas City Royals,Kauffman Stadium,24,-12.8,415,-1.77,415.2
Kansas City Royals,Kauffman Stadium,25,-27.9,414,-3.86,414.9
Kansas City Royals,Kauffman Stadium,26,-42.9,411.8,-5.95,414
Kansas City Royals,Kauffman Stadium,27,-57.7,408.9,-8.03,413
Kansas City Royals,Kauffman Stadium,28,-72.3,405,-10.12,411.4
Kansas City Royals,Kauffman Stadium,29,-86.6,400.1,-12.21,409.4
Kansas City Royals,Kauffman Stadium,30,-100.7,394.6,-14.32,407.2
Kansas City Royals,Kauffman Stadium,31,-114.3,388.2,-16.41,404.7
Kansas City Royals,Kauffman Stadium,32,-127.5,380.8,-18.51,401.6
Kansas City Royals,Kauffman Stadium,33,-140,372.3,-20.61,397.8
Kansas City Royals,Kauffman Stadium,34,-151.9,363,-22.71,393.5
Kansas City Royals,Kauffman Stadium,35,-163.6,353.5,-24.83,389.5
Kansas City Royals,Kauffman Stadium,36,-175.3,343.9,-27.01,386
Kansas City Royals,Kauffman Stadium,37,-186.6,333.8,-29.21,382.4
Kansas City Royals,Kauffman Stadium,38,-197.7,323.6,-31.42,379.2
Kansas City Royals,Kauffman Stadium,39,-208.4,313,-33.66,376
Kansas City Royals,Kauffman Stadium,40,-219,302.2,-35.93,373.2
Kansas City Royals,Kauffman Stadium,41,-229.7,291.5,-38.24,371.1
Kansas City Royals,Kauffman Stadium,42,-238.7,279.4,-40.51,367.5
Kansas City Royals,Kauffman Stadium,43,-244.5,265.5,-42.64,360.9
Kansas City Royals,Kauffman Stadium,44,-246.6,250.6,-44.54,351.6
Kansas City Royals,Kauffman Stadium,45,-244.6,235.7,-46.06,339.7
Kansas City Royals,Kauffman Stadium,46,-239.3,221.6,-47.2,326.1
Kansas City Royals,Kauffman Stadium,47,-233.2,207.8,-48.3,312.4
Kansas City Royals,Kauffman Stadium,48,-226.5,194.2,-49.39,298.4
Los Angeles Angels,Angel Stadium,1,-246.4,235.1,-46.34,340.6
Los Angeles Angels,Angel Stadium,2,-247.2,250,-44.68,351.6
Los Angeles Angels,Angel Stadium,3,-245.7,264.9,-42.85,361.3
Los Angeles Angels,Angel Stadium,4,-239.4,278.4,-40.69,367.2
Los Angeles Angels,Angel Stadium,5,-229.6,289.7,-38.4,369.7
Los Angeles Angels,Angel Stadium,6,-219.4,300.7,-36.12,372.2
Los Angeles Angels,Angel Stadium,7,-209.1,311.6,-33.86,375.3
Los Angeles Angels,Angel Stadium,8,-198.8,322.5,-31.65,378.9
Los Angeles Angels,Angel Stadium,9,-188.4,333.4,-29.47,382.9
Los Angeles Angels,Angel Stadium,10,-178.2,344.3,-27.36,387.7
Los Angeles Angels,Angel Stadium,11,-167.9,355.3,-25.29,393
Los Angeles Angels,Angel Stadium,12,-156.5,364.6,-23.23,396.8
Los Angeles Angels,Angel Stadium,13,-142,368.4,-21.08,394.8
Los Angeles Angels,Angel Stadium,14,-127.5,372.3,-18.9,393.5
Los Angeles Angels,Angel Stadium,15,-113,376.3,-16.71,392.9
Los Angeles Angels,Angel Stadium,16,-98.6,380.2,-14.54,392.8
Los Angeles Angels,Angel Stadium,17,-84.1,384.2,-12.35,393.3
Los Angeles Angels,Angel Stadium,18,-69.6,388.1,-10.17,394.3
Los Angeles Angels,Angel Stadium,19,-55.1,392,-8,395.9
Los Angeles Angels,Angel Stadium,20,-40.6,395.9,-5.86,398
Los Angeles Angels,Angel Stadium,21,-26.2,399.9,-3.75,400.8
Los Angeles Angels,Angel Stadium,22,-11.7,403.8,-1.66,404
Los Angeles Angels,Angel Stadium,23,2.8,407.7,0.39,407.7
Los Angeles Angels,Angel Stadium,24,17.1,410.2,2.39,410.6
Los Angeles Angels,Angel Stadium,25,30.3,403.1,4.3,404.2
Los Angeles Angels,Angel Stadium,26,43.5,396,6.27,398.4
Los Angeles Angels,Angel Stadium,27,56.8,388.9,8.31,393
Los Angeles Angels,Angel Stadium,28,70,381.8,10.39,388.2
Los Angeles Angels,Angel Stadium,29,83.2,374.7,12.52,383.8
Los Angeles Angels,Angel Stadium,30,96.4,367.6,14.69,380
Los Angeles Angels,Angel Stadium,31,109.6,360.4,16.91,376.7
Los Angeles Angels,Angel Stadium,32,122.8,353.4,19.16,374.1
Los Angeles Angels,Angel Stadium,33,136.1,346.3,21.46,372.1
Los Angeles Angels,Angel Stadium,34,149.3,339.2,23.76,370.6
Los Angeles Angels,Angel Stadium,35,162.5,332.1,26.07,369.7
Los Angeles Angels,Angel Stadium,36,175.7,325,28.4,369.5
Los Angeles Angels,Angel Stadium,37,188.9,317.8,30.73,369.7
Los Angeles Angels,Angel Stadium,38,202.1,310.7,33.04,370.6
Los Angeles Angels,Angel Stadium,39,214.9,302.9,35.35,371.4
Los Angeles Angels,Angel Stadium,40,226.1,293,37.66,370.1
Los Angeles Angels,Angel Stadium,41,236.1,282,39.94,367.8
Los Angeles Angels,Angel Stadium,42,242.4,268.5,42.08,361.7
Los Angeles Angels,Angel Stadium,43,246.2,254,44.11,353.7
Los Angeles Angels,Angel Stadium,44,247.4,239,45.99,344
Los Angeles Angels,Angel Stadium,45,246.2,224.1,47.69,332.9
Los Angeles Angels,Angel Stadium,46,242.4,210,49.1,320.7
Los Angeles Angels,Angel Stadium,47,234,197.6,49.82,306.3
Los Angeles Angels,Angel Stadium,48,225.6,185.1,50.63,291.8
Los Angeles Dodgers,UNIQLO Field at Dodger Stadium,1,242.7,229.9,46.55,334.3
Los Angeles Dodgers,UNIQLO Field at Dodger Stadium,2,241.1,244.7,44.58,343.5
Los Angeles Dodgers,UNIQLO Field at Dodger Stadium,3,239.5,259.5,42.7,353.1
Los Angeles Dodgers,UNIQLO Field at Dodger Stadium,4,234.9,273.6,40.65,360.6
Los Angeles Dodgers,UNIQLO Field at Dodger Stadium,5,228.1,286.8,38.5,366.4
Los Angeles Dodgers,UNIQLO Field at Dodger Stadium,6,219.4,298.8,36.29,370.7
Los Angeles Dodgers,UNIQLO Field at Dodger Stadium,7,207.1,307.2,33.99,370.5
Los Angeles Dodgers,UNIQLO Field at Dodger Stadium,8,194.7,315.4,31.69,370.7
Los Angeles Dodgers,UNIQLO Field at Dodger Stadium,9,182.3,323.7,29.39,371.5
Los Angeles Dodgers,UNIQLO Field at Dodger Stadium,10,169.9,331.9,27.11,372.9
Los Angeles Dodgers,UNIQLO Field at Dodger Stadium,11,157.5,340.1,24.85,374.8
Los Angeles Dodgers,UNIQLO Field at Dodger Stadium,12,144.8,347.8,22.6,376.7
Los Angeles Dodgers,UNIQLO Field at Dodger Stadium,13,131.9,355.2,20.37,378.9
Los Angeles Dodgers,UNIQLO Field at Dodger Stadium,14,118.8,362.2,18.16,381.2
Los Angeles Dodgers,UNIQLO Field at Dodger Stadium,15,105.5,369,15.96,383.8
Los Angeles Dodgers,UNIQLO Field at Dodger Stadium,16,92,375.2,13.78,386.3
Los Angeles Dodgers,UNIQLO Field at Dodger Stadium,17,78.2,380.8,11.6,388.7
Los Angeles Dodgers,UNIQLO Field at Dodger Stadium,18,64.4,386.5,9.46,391.8
Los Angeles Dodgers,UNIQLO Field at Dodger Stadium,19,50.3,391.2,7.33,394.4
Los Angeles Dodgers,UNIQLO Field at Dodger Stadium,20,36.1,395.6,5.21,397.2
Los Angeles Dodgers,UNIQLO Field at Dodger Stadium,21,21.4,398,3.08,398.6
Los Angeles Dodgers,UNIQLO Field at Dodger Stadium,22,6.6,399.1,0.95,399.2
Los Angeles Dodgers,UNIQLO Field at Dodger Stadium,23,-8.3,399,-1.19,399.1
Los Angeles Dodgers,UNIQLO Field at Dodger Stadium,24,-23.1,397.7,-3.32,398.4
Los Angeles Dodgers,UNIQLO Field at Dodger Stadium,25,-37.7,394.9,-5.45,396.7
Los Angeles Dodgers,UNIQLO Field at Dodger Stadium,26,-51.9,390.4,-7.57,393.8
Los Angeles Dodgers,UNIQLO Field at Dodger Stadium,27,-66,385.6,-9.71,391.2
Los Angeles Dodgers,UNIQLO Field at Dodger Stadium,28,-79.7,380,-11.85,388.3
Los Angeles Dodgers,UNIQLO Field at Dodger Stadium,29,-93.5,374.4,-14.02,385.9
Los Angeles Dodgers,UNIQLO Field at Dodger Stadium,30,-107,368,-16.21,383.2
Los Angeles Dodgers,UNIQLO Field at Dodger Stadium,31,-120.2,361.2,-18.41,380.7
Los Angeles Dodgers,UNIQLO Field at Dodger Stadium,32,-133.3,354.1,-20.63,378.4
Los Angeles Dodgers,UNIQLO Field at Dodger Stadium,33,-146.2,346.7,-22.86,376.3
Los Angeles Dodgers,UNIQLO Field at Dodger Stadium,34,-158.8,338.8,-25.11,374.2
Los Angeles Dodgers,UNIQLO Field at Dodger Stadium,35,-171.2,330.6,-27.38,372.3
Los Angeles Dodgers,UNIQLO Field at Dodger Stadium,36,-183.7,322.4,-29.67,371.1
Los Angeles Dodgers,UNIQLO Field at Dodger Stadium,37,-196.1,314.2,-31.97,370.4
Los Angeles Dodgers,UNIQLO Field at Dodger Stadium,38,-208.5,306,-34.27,370.3
Los Angeles Dodgers,UNIQLO Field at Dodger Stadium,39,-220.4,297.1,-36.57,369.9
Los Angeles Dodgers,UNIQLO Field at Dodger Stadium,40,-228.6,284.8,-38.75,365.2
Los Angeles Dodgers,UNIQLO Field at Dodger Stadium,41,-235,271.4,-40.89,359
Los Angeles Dodgers,UNIQLO Field at Dodger Stadium,42,-239.2,257.2,-42.92,351.2
Los Angeles Dodgers,UNIQLO Field at Dodger Stadium,43,-240.7,242.4,-44.8,341.6
Los Angeles Dodgers,UNIQLO Field at Dodger Stadium,44,-242.3,227.6,-46.79,332.4
Los Angeles Dodgers,UNIQLO Field at Dodger Stadium,45,-237.6,215.1,-47.85,320.5
Los Angeles Dodgers,UNIQLO Field at Dodger Stadium,46,-227.1,204.5,-48,305.6
Los Angeles Dodgers,UNIQLO Field at Dodger Stadium,47,-216.6,194,-48.15,290.8
Los Angeles Dodgers,UNIQLO Field at Dodger Stadium,48,-206.1,183.4,-48.34,275.9
Miami Marlins,loanDepot park,1,245.9,233.2,46.52,338.9
Miami Marlins,loanDepot park,2,236.9,244.6,44.08,340.5
Miami Marlins,loanDepot park,3,228,256.3,41.66,343
Miami Marlins,loanDepot park,4,219.1,267.8,39.29,346
Miami Marlins,loanDepot park,5,210,279.3,36.94,349.4
Miami Marlins,loanDepot park,6,201,290.7,34.66,353.4
Miami Marlins,loanDepot park,7,191.9,302.2,32.42,358
Miami Marlins,loanDepot park,8,183,313.8,30.25,363.3
Miami Marlins,loanDepot park,9,174.1,325.3,28.16,369
Miami Marlins,loanDepot park,10,165.1,336.8,26.11,375.1
Miami Marlins,loanDepot park,11,156.1,348.3,24.14,381.7
Miami Marlins,loanDepot park,12,146.6,359.4,22.19,388.1
Miami Marlins,loanDepot park,13,135.7,369.1,20.19,393.3
Miami Marlins,loanDepot park,14,124.3,378.2,18.19,398.1
Miami Marlins,loanDepot park,15,111.6,385.5,16.15,401.3
Miami Marlins,loanDepot park,16,98.7,392.3,14.12,404.5
Miami Marlins,loanDepot park,17,85.7,398.8,12.13,407.9
Miami Marlins,loanDepot park,18,72.2,404.5,10.12,410.9
Miami Marlins,loanDepot park,19,58.4,409.2,8.12,413.3
Miami Marlins,loanDepot park,20,44.4,413.2,6.13,415.6
Miami Marlins,loanDepot park,21,30.1,416.2,4.14,417.3
Miami Marlins,loanDepot park,22,15.7,418.8,2.15,419.1
Miami Marlins,loanDepot park,23,1.2,420.6,0.16,420.6
Miami Marlins,loanDepot park,24,-13.3,422,-1.81,422.2
Miami Marlins,loanDepot park,25,-27.9,422.7,-3.78,423.6
Miami Marlins,loanDepot park,26,-42.5,422.2,-5.75,424.3
Miami Marlins,loanDepot park,27,-52.3,412.4,-7.23,415.7
Miami Marlins,loanDepot park,28,-61.1,400.9,-8.67,405.5
Miami Marlins,loanDepot park,29,-72.7,392.1,-10.5,398.8
Miami Marlins,loanDepot park,30,-85.9,385.8,-12.55,395.2
Miami Marlins,loanDepot park,31,-99.6,381,-14.65,393.8
Miami Marlins,loanDepot park,32,-113,375,-16.77,391.7
Miami Marlins,loanDepot park,33,-123.8,365.6,-18.71,386
Miami Marlins,loanDepot park,34,-135.8,357.3,-20.81,382.2
Miami Marlins,loanDepot park,35,-147.8,348.9,-22.96,378.9
Miami Marlins,loanDepot park,36,-159.4,340.1,-25.11,375.6
Miami Marlins,loanDepot park,37,-170.7,330.7,-27.3,372.2
Miami Marlins,loanDepot park,38,-181.9,321.4,-29.51,369.3
Miami Marlins,loanDepot park,39,-192.3,311.2,-31.71,365.8
Miami Marlins,loanDepot park,40,-202.7,300.9,-33.97,362.8
Miami Marlins,loanDepot park,41,-211.8,289.5,-36.19,358.7
Miami Marlins,loanDepot park,42,-220.9,278.1,-38.46,355.2
Miami Marlins,loanDepot park,43,-229.7,266.5,-40.76,351.8
Miami Marlins,loanDepot park,44,-237.5,254.1,-43.07,347.8
Miami Marlins,loanDepot park,45,-245.1,241.6,-45.41,344.2
Miami Marlins,loanDepot park,46,-251.3,228.5,-47.72,339.7
Miami Marlins,loanDepot park,47,-243.6,216.8,-48.33,326.1
Miami Marlins,loanDepot park,48,-234.6,205.3,-48.81,311.7
Milwaukee Brewers,American Family Field,1,-255.1,231.7,-47.75,344.6
Milwaukee Brewers,American Family Field,2,-244.7,221.3,-47.87,329.9
Milwaukee Brewers,American Family Field,3,-234.2,210.9,-48,315.2
Milwaukee Brewers,American Family Field,4,-223.8,200.5,-48.14,300.5
Milwaukee Brewers,American Family Field,5,-213.3,190.1,-48.29,285.7
Milwaukee Brewers,American Family Field,6,-202.9,179.7,-48.47,271
Milwaukee Brewers,American Family Field,7,-195.8,167.4,-49.47,257.6
Milwaukee Brewers,American Family Field,8,-192.2,153.1,-51.46,245.7
Milwaukee Brewers,American Family Field,9,-185.2,140.3,-52.85,232.3
Milwaukee Brewers,American Family Field,10,-177.2,127.9,-54.18,218.5
Milwaukee Brewers,American Family Field,11,-169.3,115.4,-55.72,204.9
Milwaukee Brewers,American Family Field,12,-161.4,103,-57.46,191.5
Milwaukee Brewers,American Family Field,13,-153.5,90.6,-59.45,178.2
Milwaukee Brewers,American Family Field,14,-145.5,78.2,-61.74,165.2
Milwaukee Brewers,American Family Field,15,-137.6,65.8,-64.44,152.5
Milwaukee Brewers,American Family Field,16,-128.5,54.1,-67.17,139.4
Milwaukee Brewers,American Family Field,17,-119.5,42.5,-70.42,126.8
Milwaukee Brewers,American Family Field,18,-110.5,30.8,-74.43,114.7
Milwaukee Brewers,American Family Field,19,-101.5,19.1,-79.34,103.3
Milwaukee Brewers,American Family Field,20,-92.5,7.5,-85.36,92.8
Milwaukee Brewers,American Family Field,21,-83.5,-4.2,-92.88,83.6
Milwaukee Brewers,American Family Field,22,-74.4,-16,-102.14,76.1
Milwaukee Brewers,American Family Field,23,-64.1,-29.7,-114.86,70.6
Milwaukee Brewers,American Family Field,24,-53.9,-41.8,-127.79,68.2
Milwaukee Brewers,American Family Field,25,-43.4,-52,-140.15,67.7
Milwaukee Brewers,American Family Field,26,-32.4,-59.8,-151.55,68
Milwaukee Brewers,American Family Field,27,-20.2,-65,-162.74,68.1
Milwaukee Brewers,American Family Field,28,-6.6,-67.3,-174.4,67.6
Milwaukee Brewers,American Family Field,29,8.1,-66.5,173.06,67
Milwaukee Brewers,American Family Field,30,22,-62,160.46,65.8
Milwaukee Brewers,American Family Field,31,34.3,-53.9,147.53,63.9
Milwaukee Brewers,American Family Field,32,43.3,-44.2,135.59,61.9
Milwaukee Brewers,American Family Field,33,50.8,-35.4,124.87,61.9
Milwaukee Brewers,American Family Field,34,61,-23,110.66,65.2
Milwaukee Brewers,American Family Field,35,73,-8.2,96.41,73.5
Milwaukee Brewers,American Family Field,36,85.8,7.6,84.94,86.1
Milwaukee Brewers,American Family Field,37,98.4,23.2,76.73,101.1
Milwaukee Brewers,American Family Field,38,109.7,37.3,71.22,115.9
Milwaukee Brewers,American Family Field,39,118.9,48.7,67.73,128.5
Milwaukee Brewers,American Family Field,40,124.8,56.1,65.8,136.8
Milwaukee Brewers,American Family Field,41,127.5,60.1,64.76,141
Milwaukee Brewers,American Family Field,42,134.2,73.2,61.39,152.9
Milwaukee Brewers,American Family Field,43,141,86.3,58.53,165.3
Milwaukee Brewers,American Family Field,44,147.7,99.4,56.06,178
Milwaukee Brewers,American Family Field,45,154.5,112.5,53.94,191.1
Milwaukee Brewers,American Family Field,46,161.2,125.6,52.08,204.4
Milwaukee Brewers,American Family Field,47,163.5,139.2,49.59,214.7
Milwaukee Brewers,American Family Field,48,173.8,149.7,49.26,229.4
Minnesota Twins,Target Field,1,238.9,227.9,46.35,330.2
Minnesota Twins,Target Field,2,229.5,238.8,43.86,331.2
Minnesota Twins,Target Field,3,220,249.7,41.38,332.8
Minnesota Twins,Target Field,4,208.7,258.4,38.93,332.2
Minnesota Twins,Target Field,5,198.5,268.6,36.47,334
Minnesota Twins,Target Field,6,188.3,278.9,34.03,336.5
Minnesota Twins,Target Field,7,178.1,289.1,31.64,339.6
Minnesota Twins,Target Field,8,167.8,299.2,29.28,343
Minnesota Twins,Target Field,9,161.4,311,27.43,350.4
Minnesota Twins,Target Field,10,157.8,324.1,25.96,360.5
Minnesota Twins,Target Field,11,147.5,333.9,23.83,365
Minnesota Twins,Target Field,12,135.4,342,21.6,367.8
Minnesota Twins,Target Field,13,123.3,349.8,19.42,370.9
Minnesota Twins,Target Field,14,111.3,357.8,17.28,374.7
Minnesota Twins,Target Field,15,99.2,365.7,15.18,378.9
Minnesota Twins,Target Field,16,87.1,373.7,13.12,383.7
Minnesota Twins,Target Field,17,75.1,381.6,11.13,388.9
Minnesota Twins,Target Field,18,63,389.5,9.19,394.6
Minnesota Twins,Target Field,19,50.9,397.5,7.3,400.7
Minnesota Twins,Target Field,20,37.8,402.4,5.37,404.2
Minnesota Twins,Target Field,21,23.4,403.5,3.32,404.2
Minnesota Twins,Target Field,22,9,404.5,1.27,404.6
Minnesota Twins,Target Field,23,-5.4,405.6,-0.76,405.6
Minnesota Twins,Target Field,24,-19.8,406.6,-2.79,407.1
Minnesota Twins,Target Field,25,-34.2,407.7,-4.8,409.1
Minnesota Twins,Target Field,26,-48.5,407.1,-6.79,410
Minnesota Twins,Target Field,27,-61.1,400.3,-8.68,404.9
Minnesota Twins,Target Field,28,-73.5,392.9,-10.6,399.7
Minnesota Twins,Target Field,29,-85.9,385.4,-12.57,394.9
Minnesota Twins,Target Field,30,-98.3,378,-14.58,390.6
Minnesota Twins,Target Field,31,-110.7,370.5,-16.64,386.7
Minnesota Twins,Target Field,32,-123,363,-18.72,383.3
Minnesota Twins,Target Field,33,-135.4,355.6,-20.85,380.5
Minnesota Twins,Target Field,34,-147.6,347.9,-22.99,377.9
Minnesota Twins,Target Field,35,-157.6,337.5,-25.03,372.5
Minnesota Twins,Target Field,36,-167.1,326.7,-27.09,367
Minnesota Twins,Target Field,37,-176.6,315.8,-29.21,361.8
Minnesota Twins,Target Field,38,-186.2,305,-31.4,357.3
Minnesota Twins,Target Field,39,-195.7,294.1,-33.64,353.3
Minnesota Twins,Target Field,40,-205.2,283.2,-35.93,349.7
Minnesota Twins,Target Field,41,-214.6,272.3,-38.24,346.7
Minnesota Twins,Target Field,42,-224.2,261.4,-40.62,344.4
Minnesota Twins,Target Field,43,-233.6,250.5,-43,342.5
Minnesota Twins,Target Field,44,-243.2,239.7,-45.42,341.5
Minnesota Twins,Target Field,45,-252.6,228.8,-47.83,340.8
Minnesota Twins,Target Field,46,-244.3,218.3,-48.22,327.6
Minnesota Twins,Target Field,47,-234.3,208,-48.4,313.3
Minnesota Twins,Target Field,48,-224.2,197.6,-48.61,298.9
New York Mets,Citi Field,1,242.5,229.1,46.63,333.6
New York Mets,Citi Field,2,232.3,218.5,46.75,318.9
New York Mets,Citi Field,3,222.2,207.9,46.9,304.3
New York Mets,Citi Field,4,212,197.3,47.06,289.6
New York Mets,Citi Field,5,201.9,186.7,47.24,275
New York Mets,Citi Field,6,191.7,176.2,47.41,260.4
New York Mets,Citi Field,7,181.5,165.6,47.62,245.7
New York Mets,Citi Field,8,171.4,155,47.88,231.1
New York Mets,Citi Field,9,161.2,144.4,48.15,216.4
New York Mets,Citi Field,10,157.1,130.7,50.24,204.4
New York Mets,Citi Field,11,154.4,116.3,53.01,193.3
New York Mets,Citi Field,12,151.7,101.9,56.11,182.7
New York Mets,Citi Field,13,149,87.5,59.58,172.8
New York Mets,Citi Field,14,146.2,73.1,63.43,163.5
New York Mets,Citi Field,15,144.1,69,64.41,159.8
New York Mets,Citi Field,16,138.2,60.4,66.39,150.8
New York Mets,Citi Field,17,129.3,47.6,69.79,137.8
New York Mets,Citi Field,18,118.5,32.2,74.8,122.8
New York Mets,Citi Field,19,106.9,15.7,81.64,108
New York Mets,Citi Field,20,95.5,-0.2,90.12,95.5
New York Mets,Citi Field,21,85.3,-14,99.32,86.4
New York Mets,Citi Field,22,77.5,-24,107.21,81.1
New York Mets,Citi Field,23,67.8,-35.7,117.77,76.6
New York Mets,Citi Field,24,54.9,-45.8,129.84,71.5
New York Mets,Citi Field,25,41,-52.3,141.91,66.5
New York Mets,Citi Field,26,26.9,-55.9,154.3,62
New York Mets,Citi Field,27,13.8,-57.5,166.5,59.1
New York Mets,Citi Field,28,2.3,-57.8,177.72,57.8
New York Mets,Citi Field,29,-12.5,-57.2,-167.67,58.5
New York Mets,Citi Field,30,-26.4,-55.2,-154.44,61.2
New York Mets,Citi Field,31,-39.6,-51.4,-142.39,64.9
New York Mets,Citi Field,32,-52.1,-45.1,-130.88,68.9
New York Mets,Citi Field,33,-63.9,-36,-119.4,73.3
New York Mets,Citi Field,34,-74.8,-23.7,-107.58,78.5
New York Mets,Citi Field,35,-83.5,-11.9,-98.11,84.3
New York Mets,Citi Field,36,-92.1,-0,-90,92.1
New York Mets,Citi Field,37,-100.8,11.8,-83.32,101.5
New York Mets,Citi Field,38,-109.4,23.7,-77.78,111.9
New York Mets,Citi Field,39,-118.1,35.5,-73.27,123.3
New York Mets,Citi Field,40,-126.7,47.3,-69.53,135.2
New York Mets,Citi Field,41,-135.4,59.2,-66.38,147.8
New York Mets,Citi Field,42,-144,71.1,-63.72,160.6
New York Mets,Citi Field,43,-147.5,85.3,-59.96,170.4
New York Mets,Citi Field,44,-151,99.5,-56.62,180.8
New York Mets,Citi Field,45,-154.5,113.8,-53.63,191.9
New York Mets,Citi Field,46,-158,128,-50.99,203.3
New York Mets,Citi Field,47,-161.5,142.3,-48.62,215.2
New York Mets,Citi Field,48,-169.5,154,-47.74,229
New York Yankees,Yankee Stadium,1,237.5,216.4,47.66,321.3
New York Yankees,Yankee Stadium,2,235.6,230.9,45.58,329.9
New York Yankees,Yankee Stadium,3,230.2,244.4,43.29,335.7
New York Yankees,Yankee Stadium,4,222.1,256.7,40.87,339.4
New York Yankees,Yankee Stadium,5,212.1,267.5,38.41,341.4
New York Yankees,Yankee Stadium,6,201.8,278,35.98,343.5
New York Yankees,Yankee Stadium,7,191.4,288.4,33.57,346.1
New York Yankees,Yankee Stadium,8,181.1,298.8,31.22,349.4
New York Yankees,Yankee Stadium,9,170.7,309.2,28.9,353.2
New York Yankees,Yankee Stadium,10,160.3,319.6,26.64,357.5
New York Yankees,Yankee Stadium,11,150,329.9,24.45,362.4
New York Yankees,Yankee Stadium,12,140,340.3,22.36,368
New York Yankees,Yankee Stadium,13,130,351,20.32,374.3
New York Yankees,Yankee Stadium,14,119.7,361.8,18.31,381.1
New York Yankees,Yankee Stadium,15,109.2,372.4,16.34,388.1
New York Yankees,Yankee Stadium,16,98.3,382.7,14.41,395.1
New York Yankees,Yankee Stadium,17,87,392.3,12.5,401.8
New York Yankees,Yankee Stadium,18,75.3,401,10.64,408
New York Yankees,Yankee Stadium,19,62.9,408.5,8.75,413.3
New York Yankees,Yankee Stadium,20,49.8,414.7,6.85,417.7
New York Yankees,Yankee Stadium,21,35.9,419.5,4.89,421
New York Yankees,Yankee Stadium,22,21.7,423.1,2.94,423.7
New York Yankees,Yankee Stadium,23,7.2,425.5,0.97,425.6
New York Yankees,Yankee Stadium,24,-7.4,426.7,-0.99,426.8
New York Yankees,Yankee Stadium,25,-22.1,426.6,-2.97,427.2
New York Yankees,Yankee Stadium,26,-36.8,425.5,-4.94,427.1
New York Yankees,Yankee Stadium,27,-51.3,423.3,-6.91,426.4
New York Yankees,Yankee Stadium,28,-65.6,419.8,-8.88,424.9
New York Yankees,Yankee Stadium,29,-79.5,415.2,-10.84,422.7
New York Yankees,Yankee Stadium,30,-93,409.4,-12.8,419.8
New York Yankees,Yankee Stadium,31,-105.9,402.3,-14.75,416
New York Yankees,Yankee Stadium,32,-118.1,394.2,-16.68,411.5
New York Yankees,Yankee Stadium,33,-129.7,385.2,-18.61,406.4
New York Yankees,Yankee Stadium,34,-140.8,375.6,-20.55,401.1
New York Yankees,Yankee Stadium,35,-151.5,365.5,-22.51,395.7
New York Yankees,Yankee Stadium,36,-161.9,355.2,-24.5,390.4
New York Yankees,Yankee Stadium,37,-172.3,344.7,-26.56,385.4
New York Yankees,Yankee Stadium,38,-182.5,334.2,-28.64,380.8
New York Yankees,Yankee Stadium,39,-192.9,323.9,-30.78,377
New York Yankees,Yankee Stadium,40,-203.4,313.5,-32.98,373.7
New York Yankees,Yankee Stadium,41,-213.3,302.6,-35.18,370.2
New York Yankees,Yankee Stadium,42,-222.1,290.9,-37.36,366
New York Yankees,Yankee Stadium,43,-229.1,278,-39.49,360.2
New York Yankees,Yankee Stadium,44,-234.2,264.2,-41.56,353.1
New York Yankees,Yankee Stadium,45,-237.6,250,-43.54,344.9
New York Yankees,Yankee Stadium,46,-239.4,235.4,-45.48,335.7
New York Yankees,Yankee Stadium,47,-238.6,225.8,-46.58,328.5
New York Yankees,Yankee Stadium,48,-231.9,211,-47.7,313.5
Philadelphia Phillies,Citizens Bank Park,1,-236.7,210.1,-48.41,316.5
Philadelphia Phillies,Citizens Bank Park,2,-226.7,200,-48.58,302.3
Philadelphia Phillies,Citizens Bank Park,3,-216.8,189.8,-48.8,288.1
Philadelphia Phillies,Citizens Bank Park,4,-206.8,179.7,-49.01,274
Philadelphia Phillies,Citizens Bank Park,5,-196.9,169.5,-49.28,259.8
Philadelphia Phillies,Citizens Bank Park,6,-194.6,156.3,-51.23,249.6
Philadelphia Phillies,Citizens Bank Park,7,-190.1,143.5,-52.95,238.2
Philadelphia Phillies,Citizens Bank Park,8,-182.4,131.5,-54.21,224.9
Philadelphia Phillies,Citizens Bank Park,9,-174.7,119.5,-55.63,211.7
Philadelphia Phillies,Citizens Bank Park,10,-167,107.6,-57.21,198.7
Philadelphia Phillies,Citizens Bank Park,11,-159.4,95.6,-59.05,185.9
Philadelphia Phillies,Citizens Bank Park,12,-151.7,83.6,-61.14,173.2
Philadelphia Phillies,Citizens Bank Park,13,-144,71.7,-63.53,160.9
Philadelphia Phillies,Citizens Bank Park,14,-133.9,61.7,-65.26,147.4
Philadelphia Phillies,Citizens Bank Park,15,-123.7,51.8,-67.28,134.1
Philadelphia Phillies,Citizens Bank Park,16,-113.5,41.9,-69.74,121
Philadelphia Phillies,Citizens Bank Park,17,-103.3,32,-72.79,108.1
Philadelphia Phillies,Citizens Bank Park,18,-93.1,22.1,-76.65,95.7
Philadelphia Phillies,Citizens Bank Park,19,-82.8,12.2,-81.62,83.7
Philadelphia Phillies,Citizens Bank Park,20,-72.6,2.3,-88.19,72.6
Philadelphia Phillies,Citizens Bank Park,21,-62.4,-7.6,-96.94,62.9
Philadelphia Phillies,Citizens Bank Park,22,-52.2,-17.5,-108.53,55.1
Philadelphia Phillies,Citizens Bank Park,23,-42,-27.4,-123.12,50.1
Philadelphia Phillies,Citizens Bank Park,24,-31.8,-37.3,-139.55,49
Philadelphia Phillies,Citizens Bank Park,25,-21.2,-46.1,-155.3,50.7
Philadelphia Phillies,Citizens Bank Park,26,-7,-46.1,-171.37,46.6
Philadelphia Phillies,Citizens Bank Park,27,7.3,-46.1,171,46.7
Philadelphia Phillies,Citizens Bank Park,28,21.5,-46.1,155,50.9
Philadelphia Phillies,Citizens Bank Park,29,33,-39.6,140.19,51.5
Philadelphia Phillies,Citizens Bank Park,30,42.9,-29.5,124.51,52.1
Philadelphia Phillies,Citizens Bank Park,31,52.9,-19.4,110.14,56.3
Philadelphia Phillies,Citizens Bank Park,32,62.9,-9.2,98.32,63.6
Philadelphia Phillies,Citizens Bank Park,33,72.9,0.9,89.29,72.9
Philadelphia Phillies,Citizens Bank Park,34,82.9,11,82.44,83.6
Philadelphia Phillies,Citizens Bank Park,35,92.9,21.1,77.2,95.3
Philadelphia Phillies,Citizens Bank Park,36,102.9,31.2,73.13,107.5
Philadelphia Phillies,Citizens Bank Park,37,112.9,41.3,69.91,120.2
Philadelphia Phillies,Citizens Bank Park,38,122.9,51.5,67.26,133.3
Philadelphia Phillies,Citizens Bank Park,39,132.8,61.6,65.12,146.4
Philadelphia Phillies,Citizens Bank Park,40,142.8,71.7,63.34,159.8
Philadelphia Phillies,Citizens Bank Park,41,151.5,82.8,61.34,172.7
Philadelphia Phillies,Citizens Bank Park,42,158.9,95,59.13,185.1
Philadelphia Phillies,Citizens Bank Park,43,166.4,107.1,57.23,197.9
Philadelphia Phillies,Citizens Bank Park,44,173.8,119.2,55.56,210.7
Philadelphia Phillies,Citizens Bank Park,45,181.2,131.3,54.07,223.8
Philadelphia Phillies,Citizens Bank Park,46,188.7,143.4,52.77,237
Philadelphia Phillies,Citizens Bank Park,47,195,155.8,51.38,249.6
Philadelphia Phillies,Citizens Bank Park,48,194.8,169.8,48.92,258.4
Pittsburgh Pirates,PNC Park,1,-238.3,226.3,-46.48,328.6
Pittsburgh Pirates,PNC Park,2,-236.6,240.7,-44.51,337.5
Pittsburgh Pirates,PNC Park,3,-234.9,255.1,-42.64,346.8
Pittsburgh Pirates,PNC Park,4,-233.3,269.5,-40.88,356.5
Pittsburgh Pirates,PNC Park,5,-231.5,284,-39.18,366.4
Pittsburgh Pirates,PNC Park,6,-227.6,297.4,-37.43,374.5
Pittsburgh Pirates,PNC Park,7,-216.8,307.1,-35.22,375.9
Pittsburgh Pirates,PNC Park,8,-205.6,316.3,-33.02,377.2
Pittsburgh Pirates,PNC Park,9,-194.4,325.6,-30.84,379.2
Pittsburgh Pirates,PNC Park,10,-183.2,334.8,-28.69,381.6
Pittsburgh Pirates,PNC Park,11,-172,344.1,-26.56,384.7
Pittsburgh Pirates,PNC Park,12,-160.8,353.4,-24.47,388.3
Pittsburgh Pirates,PNC Park,13,-149.7,362.7,-22.43,392.4
Pittsburgh Pirates,PNC Park,14,-138.5,371.9,-20.43,396.9
Pittsburgh Pirates,PNC Park,15,-127.3,381.2,-18.47,401.9
Pittsburgh Pirates,PNC Park,16,-116.2,390.5,-16.57,407.4
Pittsburgh Pirates,PNC Park,17,-105,392.9,-14.96,406.7
Pittsburgh Pirates,PNC Park,18,-92.7,385.8,-13.51,396.8
Pittsburgh Pirates,PNC Park,19,-78.5,387.7,-11.45,395.6
Pittsburgh Pirates,PNC Park,20,-64.2,390.2,-9.34,395.4
Pittsburgh Pirates,PNC Park,21,-49.9,392.8,-7.24,396
Pittsburgh Pirates,PNC Park,22,-35.6,395.2,-5.15,396.8
Pittsburgh Pirates,PNC Park,23,-21.3,397.7,-3.07,398.3
Pittsburgh Pirates,PNC Park,24,-7,400.3,-1,400.4
Pittsburgh Pirates,PNC Park,25,7.4,400.8,1.06,400.9
Pittsburgh Pirates,PNC Park,26,21.6,397.8,3.11,398.4
Pittsburgh Pirates,PNC Park,27,35.8,394.9,5.18,396.5
Pittsburgh Pirates,PNC Park,28,50,391.9,7.27,395.1
Pittsburgh Pirates,PNC Park,29,64.2,389,9.37,394.3
Pittsburgh Pirates,PNC Park,30,78.1,385,11.47,392.8
Pittsburgh Pirates,PNC Park,31,91.1,378.5,13.53,389.3
Pittsburgh Pirates,PNC Park,32,104,371.7,15.63,386
Pittsburgh Pirates,PNC Park,33,117,365.3,17.76,383.6
Pittsburgh Pirates,PNC Park,34,130,358.8,19.92,381.6
Pittsburgh Pirates,PNC Park,35,143,352.3,22.09,380.2
Pittsburgh Pirates,PNC Park,36,154.4,343.7,24.19,376.8
Pittsburgh Pirates,PNC Park,37,162.6,331.7,26.11,369.4
Pittsburgh Pirates,PNC Park,38,170.8,319.8,28.11,362.6
Pittsburgh Pirates,PNC Park,39,179,307.8,30.18,356.1
Pittsburgh Pirates,PNC Park,40,187.2,295.8,32.33,350.1
Pittsburgh Pirates,PNC Park,41,195.3,283.8,34.53,344.5
Pittsburgh Pirates,PNC Park,42,203.6,271.8,36.84,339.6
Pittsburgh Pirates,PNC Park,43,211.7,259.8,39.18,335.1
Pittsburgh Pirates,PNC Park,44,220,247.9,41.59,331.4
Pittsburgh Pirates,PNC Park,45,228.2,235.9,44.05,328.2
Pittsburgh Pirates,PNC Park,46,236.4,223.9,46.56,325.6
Pittsburgh Pirates,PNC Park,47,234.5,212,47.88,316.1
Pittsburgh Pirates,PNC Park,48,224.3,201.6,48.05,301.6
San Diego Padres,Petco Park,1,-253.6,225.2,-48.39,339.2
San Diego Padres,Petco Park,2,-243.3,214.9,-48.55,324.6
San Diego Padres,Petco Park,3,-233,204.7,-48.7,310.1
San Diego Padres,Petco Park,4,-222.7,194.5,-48.87,295.7
San Diego Padres,Petco Park,5,-212.4,184.2,-49.07,281.1
San Diego Padres,Petco Park,6,-202.1,174,-49.27,266.7
San Diego Padres,Petco Park,7,-191.8,163.7,-49.52,252.2
San Diego Padres,Petco Park,8,-181.4,153.5,-49.76,237.6
San Diego Padres,Petco Park,9,-175.4,141.5,-51.11,225.4
San Diego Padres,Petco Park,10,-174.1,127.3,-53.83,215.7
San Diego Padres,Petco Park,11,-166.2,115.1,-55.3,202.2
San Diego Padres,Petco Park,12,-158.3,102.9,-56.97,188.8
San Diego Padres,Petco Park,13,-150.5,90.7,-58.92,175.7
San Diego Padres,Petco Park,14,-142.6,78.4,-61.2,162.7
San Diego Padres,Petco Park,15,-134.8,66.2,-63.84,150.2
San Diego Padres,Petco Park,16,-126.9,54,-66.95,137.9
San Diego Padres,Petco Park,17,-119,41.8,-70.65,126.1
San Diego Padres,Petco Park,18,-109.6,30.8,-74.3,113.8
San Diego Padres,Petco Park,19,-101.9,18.7,-79.6,103.6
San Diego Padres,Petco Park,20,-94.6,6.2,-86.25,94.8
San Diego Padres,Petco Park,21,-84.6,-4.3,-92.91,84.7
San Diego Padres,Petco Park,22,-74.5,-14.8,-101.24,76
San Diego Padres,Petco Park,23,-64.5,-25.3,-111.42,69.3
San Diego Padres,Petco Park,24,-52,-29.4,-119.48,59.7
San Diego Padres,Petco Park,25,-41.7,-39.6,-133.52,57.5
San Diego Padres,Petco Park,26,-31.4,-49.8,-147.77,58.9
San Diego Padres,Petco Park,27,-18.4,-56.2,-161.87,59.1
San Diego Padres,Petco Park,28,-4.9,-60.9,-175.4,61.1
San Diego Padres,Petco Park,29,9.7,-60.9,170.95,61.7
San Diego Padres,Petco Park,30,22.9,-55.2,157.47,59.8
San Diego Padres,Petco Park,31,35.1,-47.6,143.6,59.1
San Diego Padres,Petco Park,32,45.6,-37.6,129.51,59.1
San Diego Padres,Petco Park,33,58,-31.4,118.43,66
San Diego Padres,Petco Park,34,67.9,-20.7,106.95,71
San Diego Padres,Petco Park,35,77.7,-10.1,97.41,78.4
San Diego Padres,Petco Park,36,87.5,0.6,89.61,87.5
San Diego Padres,Petco Park,37,97.4,11.3,83.38,98.1
San Diego Padres,Petco Park,38,105.7,23.3,77.57,108.2
San Diego Padres,Petco Park,39,114.6,34.6,73.2,119.7
San Diego Padres,Petco Park,40,122.6,46.6,69.19,131.2
San Diego Padres,Petco Park,41,129.9,59.2,65.5,142.8
San Diego Padres,Petco Park,42,137.2,71.8,62.38,154.9
San Diego Padres,Petco Park,43,144.5,84.3,59.74,167.3
San Diego Padres,Petco Park,44,151.8,96.9,57.45,180.1
San Diego Padres,Petco Park,45,159.1,109.5,55.46,193.1
San Diego Padres,Petco Park,46,166.4,122.1,53.73,206.4
San Diego Padres,Petco Park,47,175.7,133.1,52.85,220.4
San Diego Padres,Petco Park,48,186,143.3,52.39,234.8
San Francisco Giants,Oracle Park,1,226.8,214.9,46.54,312.4
San Francisco Giants,Oracle Park,2,221.6,228.7,44.1,318.4
San Francisco Giants,Oracle Park,3,216.3,242.6,41.72,325
San Francisco Giants,Oracle Park,4,211,256.4,39.45,332.1
San Francisco Giants,Oracle Park,5,205.8,270.2,37.3,339.6
San Francisco Giants,Oracle Park,6,200.5,284,35.22,347.6
San Francisco Giants,Oracle Park,7,195.3,297.9,33.25,356.2
San Francisco Giants,Oracle Park,8,190.1,311.7,31.38,365.1
San Francisco Giants,Oracle Park,9,181.1,322.7,29.3,370
San Francisco Giants,Oracle Park,10,170.2,331.3,27.19,372.5
San Francisco Giants,Oracle Park,11,164.7,345,25.52,382.3
San Francisco Giants,Oracle Park,12,159.4,358.8,23.95,392.6
San Francisco Giants,Oracle Park,13,154,372.6,22.46,403.2
San Francisco Giants,Oracle Park,14,148.7,386.4,21.05,414
San Francisco Giants,Oracle Park,15,143.4,400.2,19.71,425.1
San Francisco Giants,Oracle Park,16,130.3,402.7,17.93,423.3
San Francisco Giants,Oracle Park,17,115.5,402.7,16,418.9
San Francisco Giants,Oracle Park,18,100.7,402.7,14.04,415.1
San Francisco Giants,Oracle Park,19,86,402.7,12.05,411.8
San Francisco Giants,Oracle Park,20,71.2,402.7,10.03,408.9
San Francisco Giants,Oracle Park,21,56.4,402.7,7.97,406.6
San Francisco Giants,Oracle Park,22,41.6,402.7,5.9,404.8
San Francisco Giants,Oracle Park,23,26.8,402.7,3.81,403.6
San Francisco Giants,Oracle Park,24,12,402.7,1.71,402.9
San Francisco Giants,Oracle Park,25,-2.8,402.7,-0.4,402.7
San Francisco Giants,Oracle Park,26,-17.6,402.7,-2.5,403.1
San Francisco Giants,Oracle Park,27,-32.4,402.7,-4.6,404
San Francisco Giants,Oracle Park,28,-47.2,402.7,-6.69,405.5
San Francisco Giants,Oracle Park,29,-62,402.7,-8.75,407.4
San Francisco Giants,Oracle Park,30,-75.9,400.4,-10.73,407.5
San Francisco Giants,Oracle Park,31,-87,390.7,-12.55,400.3
San Francisco Giants,Oracle Park,32,-98.3,381.1,-14.46,393.6
San Francisco Giants,Oracle Park,33,-109.6,371.6,-16.43,387.4
San Francisco Giants,Oracle Park,34,-120.9,362,-18.47,381.7
San Francisco Giants,Oracle Park,35,-132.2,352.5,-20.56,376.5
San Francisco Giants,Oracle Park,36,-143.5,343,-22.7,371.8
San Francisco Giants,Oracle Park,37,-154.8,333.4,-24.91,367.6
San Francisco Giants,Oracle Park,38,-166.2,324,-27.16,364.1
San Francisco Giants,Oracle Park,39,-177.4,314.4,-29.43,361
San Francisco Giants,Oracle Park,40,-188.7,304.8,-31.76,358.5
San Francisco Giants,Oracle Park,41,-200,295.3,-34.11,356.7
San Francisco Giants,Oracle Park,42,-211.4,285.8,-36.49,355.5
San Francisco Giants,Oracle Park,43,-222.7,276.3,-38.87,354.9
San Francisco Giants,Oracle Park,44,-233.9,266.7,-41.25,354.7
San Francisco Giants,Oracle Park,45,-243,255.3,-43.59,352.5
San Francisco Giants,Oracle Park,46,-248,241.4,-45.77,346.1
San Francisco Giants,Oracle Park,47,-255.4,228.7,-48.16,342.8
San Francisco Giants,Oracle Park,48,-246.3,218.2,-48.46,329.1
Seattle Mariners,T-Mobile Park,1,237.6,226.1,46.42,328
Seattle Mariners,T-Mobile Park,2,227.3,216.1,46.45,313.6
Seattle Mariners,T-Mobile Park,3,216.9,206,46.48,299.1
Seattle Mariners,T-Mobile Park,4,206.6,196,46.51,284.8
Seattle Mariners,T-Mobile Park,5,196.3,186,46.54,270.4
Seattle Mariners,T-Mobile Park,6,192,173.3,47.93,258.6
Seattle Mariners,T-Mobile Park,7,186.1,160.2,49.28,245.6
Seattle Mariners,T-Mobile Park,8,180.1,147.1,50.76,232.5
Seattle Mariners,T-Mobile Park,9,174.2,133.9,52.45,219.7
Seattle Mariners,T-Mobile Park,10,168.2,120.8,54.31,207.1
Seattle Mariners,T-Mobile Park,11,162.3,107.7,56.43,194.8
Seattle Mariners,T-Mobile Park,12,156.3,94.6,58.82,182.7
Seattle Mariners,T-Mobile Park,13,150.4,81.4,61.58,171
Seattle Mariners,T-Mobile Park,14,144.4,68.3,64.69,159.7
Seattle Mariners,T-Mobile Park,15,135.2,57.3,67.03,146.8
Seattle Mariners,T-Mobile Park,16,125.7,46.4,69.74,134
Seattle Mariners,T-Mobile Park,17,116.2,35.6,72.97,121.5
Seattle Mariners,T-Mobile Park,18,106.4,30.2,74.15,110.6
Seattle Mariners,T-Mobile Park,19,97.4,19,78.96,99.2
Seattle Mariners,T-Mobile Park,20,88.4,7.7,85.02,88.7
Seattle Mariners,T-Mobile Park,21,79.4,-3.6,92.6,79.5
Seattle Mariners,T-Mobile Park,22,70.4,-14.8,101.87,71.9
Seattle Mariners,T-Mobile Park,23,61.4,-26.1,113.03,66.7
Seattle Mariners,T-Mobile Park,24,52.3,-37.3,125.5,64.2
Seattle Mariners,T-Mobile Park,25,44.1,-47.6,137.19,64.9
Seattle Mariners,T-Mobile Park,26,40.7,-50.3,141.02,64.7
Seattle Mariners,T-Mobile Park,27,32.4,-55.7,149.81,64.4
Seattle Mariners,T-Mobile Park,28,20,-61.6,162.01,64.8
Seattle Mariners,T-Mobile Park,29,4.6,-65.7,175.99,65.9
Seattle Mariners,T-Mobile Park,30,-12.7,-65.6,-169.04,66.8
Seattle Mariners,T-Mobile Park,31,-31.1,-59,-152.21,66.7
Seattle Mariners,T-Mobile Park,32,-47.3,-45.7,-134.01,65.8
Seattle Mariners,T-Mobile Park,33,-57,-35,-121.55,66.9
Seattle Mariners,T-Mobile Park,34,-66.6,-24.3,-110.05,70.9
Seattle Mariners,T-Mobile Park,35,-76.2,-13.6,-100.12,77.4
Seattle Mariners,T-Mobile Park,36,-85.9,-2.9,-91.93,85.9
Seattle Mariners,T-Mobile Park,37,-95.5,7.9,-85.27,95.8
Seattle Mariners,T-Mobile Park,38,-105.1,18.6,-79.96,106.7
Seattle Mariners,T-Mobile Park,39,-114.7,29.3,-75.67,118.4
Seattle Mariners,T-Mobile Park,40,-125.9,34.4,-74.72,130.5
Seattle Mariners,T-Mobile Park,41,-135.7,45,-71.65,143
Seattle Mariners,T-Mobile Park,42,-145.5,55.6,-69.09,155.8
Seattle Mariners,T-Mobile Park,43,-154.8,66.4,-66.78,168.4
Seattle Mariners,T-Mobile Park,44,-161.2,79.4,-63.78,179.7
Seattle Mariners,T-Mobile Park,45,-167.6,92.3,-61.16,191.3
Seattle Mariners,T-Mobile Park,46,-174,105.2,-58.84,203.3
Seattle Mariners,T-Mobile Park,47,-180.4,118.1,-56.79,215.6
Seattle Mariners,T-Mobile Park,48,-186.8,131,-54.96,228.2
St. Louis Cardinals,Busch Stadium,1,-244.8,235.3,-46.13,339.5
St. Louis Cardinals,Busch Stadium,2,-246.9,249.6,-44.69,351.1
St. Louis Cardinals,Busch Stadium,3,-239.6,261.3,-42.52,354.5
St. Louis Cardinals,Busch Stadium,4,-229.2,271.5,-40.17,355.3
St. Louis Cardinals,Busch Stadium,5,-219,281.8,-37.85,356.9
St. Louis Cardinals,Busch Stadium,6,-208.7,292,-35.55,358.9
St. Louis Cardinals,Busch Stadium,7,-198.4,302.3,-33.28,361.6
St. Louis Cardinals,Busch Stadium,8,-188.2,312.6,-31.05,364.9
St. Louis Cardinals,Busch Stadium,9,-177.9,323,-28.84,368.8
St. Louis Cardinals,Busch Stadium,10,-167.7,333.2,-26.72,373
St. Louis Cardinals,Busch Stadium,11,-157.3,343.5,-24.6,377.8
St. Louis Cardinals,Busch Stadium,12,-147,353.7,-22.57,383
St. Louis Cardinals,Busch Stadium,13,-136.7,363.9,-20.59,388.7
St. Louis Cardinals,Busch Stadium,14,-125.2,372.4,-18.58,392.9
St. Louis Cardinals,Busch Stadium,15,-111.4,377,-16.46,393.1
St. Louis Cardinals,Busch Stadium,16,-97.6,381.4,-14.35,393.7
St. Louis Cardinals,Busch Stadium,17,-83.7,385.8,-12.24,394.8
St. Louis Cardinals,Busch Stadium,18,-69.9,390.3,-10.15,396.5
St. Louis Cardinals,Busch Stadium,19,-56.1,394.7,-8.09,398.7
St. Louis Cardinals,Busch Stadium,20,-42.2,399.2,-6.03,401.4
St. Louis Cardinals,Busch Stadium,21,-28.1,402,-4,403
St. Louis Cardinals,Busch Stadium,22,-13.6,402,-1.94,402.2
St. Louis Cardinals,Busch Stadium,23,1,402,0.14,402
St. Louis Cardinals,Busch Stadium,24,15.5,402,2.21,402.3
St. Louis Cardinals,Busch Stadium,25,30.1,402,4.28,403.1
St. Louis Cardinals,Busch Stadium,26,44.2,399.1,6.32,401.5
St. Louis Cardinals,Busch Stadium,27,57.9,394.5,8.35,398.7
St. Louis Cardinals,Busch Stadium,28,71.7,389.7,10.43,396.2
St. Louis Cardinals,Busch Stadium,29,85.4,385.1,12.5,394.5
St. Louis Cardinals,Busch Stadium,30,99.2,380.4,14.62,393.1
St. Louis Cardinals,Busch Stadium,31,113,375.7,16.74,392.3
St. Louis Cardinals,Busch Stadium,32,126.7,371,18.86,392
St. Louis Cardinals,Busch Stadium,33,138.7,363.3,20.9,388.9
St. Louis Cardinals,Busch Stadium,34,149,353.1,22.88,383.3
St. Louis Cardinals,Busch Stadium,35,159.4,342.8,24.94,378
St. Louis Cardinals,Busch Stadium,36,169.6,332.5,27.03,373.3
St. Louis Cardinals,Busch Stadium,37,179.8,322.2,29.16,369
St. Louis Cardinals,Busch Stadium,38,190,311.8,31.36,365.1
St. Louis Cardinals,Busch Stadium,39,200.3,301.6,33.59,362.1
St. Louis Cardinals,Busch Stadium,40,210.6,291.3,35.87,359.5
St. Louis Cardinals,Busch Stadium,41,220.8,281,38.16,357.4
St. Louis Cardinals,Busch Stadium,42,231.2,270.8,40.49,356.1
St. Louis Cardinals,Busch Stadium,43,240.9,260.1,42.81,354.5
St. Louis Cardinals,Busch Stadium,44,244.5,246.2,44.8,347
St. Louis Cardinals,Busch Stadium,45,247.6,232,46.86,339.3
St. Louis Cardinals,Busch Stadium,46,239.3,221.4,47.23,326
St. Louis Cardinals,Busch Stadium,47,229,211.1,47.33,311.5
St. Louis Cardinals,Busch Stadium,48,218.8,200.9,47.44,297
Tampa Bay Rays,Tropicana Field,1,-231.3,221.6,-46.23,320.3
Tampa Bay Rays,Tropicana Field,2,-230.5,213.8,-47.15,314.4
Tampa Bay Rays,Tropicana Field,3,-228.5,195.4,-49.46,300.7
Tampa Bay Rays,Tropicana Field,4,-226.1,173.6,-52.48,285.1
Tampa Bay Rays,Tropicana Field,5,-223.9,155.9,-55.15,272.8
Tampa Bay Rays,Tropicana Field,6,-221.5,148.4,-56.18,266.6
Tampa Bay Rays,Tropicana Field,7,-207.9,138.3,-56.37,249.7
Tampa Bay Rays,Tropicana Field,8,-196.9,128.9,-56.79,235.3
Tampa Bay Rays,Tropicana Field,9,-190.3,117.9,-58.22,223.9
Tampa Bay Rays,Tropicana Field,10,-181.2,100.3,-61.03,207.1
Tampa Bay Rays,Tropicana Field,11,-176.1,91.3,-62.6,198.4
Tampa Bay Rays,Tropicana Field,12,-165.1,81.2,-63.81,184
Tampa Bay Rays,Tropicana Field,13,-154.2,71.1,-65.25,169.8
Tampa Bay Rays,Tropicana Field,14,-143.2,61,-66.93,155.7
Tampa Bay Rays,Tropicana Field,15,-132.2,50.9,-68.94,141.7
Tampa Bay Rays,Tropicana Field,16,-121.3,40.9,-71.37,128
Tampa Bay Rays,Tropicana Field,17,-119.9,27,-77.31,122.9
Tampa Bay Rays,Tropicana Field,18,-117.1,13.6,-83.38,117.9
Tampa Bay Rays,Tropicana Field,19,-106.3,3.4,-88.17,106.4
Tampa Bay Rays,Tropicana Field,20,-95.4,-6.7,-94.02,95.6
Tampa Bay Rays,Tropicana Field,21,-84.5,-16.9,-101.31,86.2
Tampa Bay Rays,Tropicana Field,22,-73.7,-27.1,-110.19,78.5
Tampa Bay Rays,Tropicana Field,23,-62.8,-37.3,-120.71,73
Tampa Bay Rays,Tropicana Field,24,-51.9,-47.5,-132.47,70.4
Tampa Bay Rays,Tropicana Field,25,-41.2,-52.1,-141.66,66.4
Tampa Bay Rays,Tropicana Field,26,-29.8,-51.7,-150.04,59.7
Tampa Bay Rays,Tropicana Field,27,-17.8,-60.6,-163.63,63.2
Tampa Bay Rays,Tropicana Field,28,-4.2,-64.1,-176.25,64.2
Tampa Bay Rays,Tropicana Field,29,10.7,-63.7,170.46,64.6
Tampa Bay Rays,Tropicana Field,30,23.7,-58.1,157.81,62.7
Tampa Bay Rays,Tropicana Field,31,35.3,-48.8,144.12,60.2
Tampa Bay Rays,Tropicana Field,32,46.4,-51.3,137.87,69.2
Tampa Bay Rays,Tropicana Field,33,57.4,-41.3,125.74,70.7
Tampa Bay Rays,Tropicana Field,34,68.4,-31.3,114.59,75.2
Tampa Bay Rays,Tropicana Field,35,79.5,-21.3,105,82.3
Tampa Bay Rays,Tropicana Field,36,90.5,-11.4,97.18,91.2
Tampa Bay Rays,Tropicana Field,37,101.6,-1.4,90.79,101.6
Tampa Bay Rays,Tropicana Field,38,112.6,8.6,85.63,112.9
Tampa Bay Rays,Tropicana Field,39,121.1,19.8,80.71,122.7
Tampa Bay Rays,Tropicana Field,40,121.2,34.7,74.02,126.1
Tampa Bay Rays,Tropicana Field,41,130.2,45.4,70.78,137.9
Tampa Bay Rays,Tropicana Field,42,141.5,55.1,68.72,151.8
Tampa Bay Rays,Tropicana Field,43,152.8,64.9,66.99,166
Tampa Bay Rays,Tropicana Field,44,164.1,74.6,65.55,180.3
Tampa Bay Rays,Tropicana Field,45,175.4,84.3,64.33,194.6
Tampa Bay Rays,Tropicana Field,46,182.1,97,61.96,206.3
Tampa Bay Rays,Tropicana Field,47,186.6,111.2,59.21,217.2
Tampa Bay Rays,Tropicana Field,48,191.2,125.4,56.74,228.7
Texas Rangers,Globe Life Field,1,241.2,230.1,46.35,333.4
Texas Rangers,Globe Life Field,2,240.1,244.8,44.44,342.9
Texas Rangers,Globe Life Field,3,238.5,259.4,42.6,352.4
Texas Rangers,Globe Life Field,4,229.8,270.7,40.33,355.1
Texas Rangers,Globe Life Field,5,219.4,281.1,37.97,356.6
Texas Rangers,Globe Life Field,6,209,291.5,35.64,358.7
Texas Rangers,Globe Life Field,7,198.6,301.9,33.34,361.4
Texas Rangers,Globe Life Field,8,188.2,312.3,31.07,364.6
Texas Rangers,Globe Life Field,9,177.8,322.6,28.86,368.4
Texas Rangers,Globe Life Field,10,167.4,333,26.69,372.7
Texas Rangers,Globe Life Field,11,157,343.4,24.57,377.6
Texas Rangers,Globe Life Field,12,146.6,353.9,22.5,383.1
Texas Rangers,Globe Life Field,13,133.2,358,20.41,382
Texas Rangers,Globe Life Field,14,121.1,364.8,18.36,384.4
Texas Rangers,Globe Life Field,15,110.6,375.1,16.43,391.1
Texas Rangers,Globe Life Field,16,100.2,385.5,14.57,398.3
Texas Rangers,Globe Life Field,17,89.8,395.8,12.78,405.9
Texas Rangers,Globe Life Field,18,78.8,405.2,11.01,412.8
Texas Rangers,Globe Life Field,19,64.2,406.1,8.98,411.1
Texas Rangers,Globe Life Field,20,49.4,405.9,6.94,408.9
Texas Rangers,Globe Life Field,21,34.7,405.8,4.89,407.3
Texas Rangers,Globe Life Field,22,20,405.8,2.82,406.3
Texas Rangers,Globe Life Field,23,5.3,405.8,0.75,405.8
Texas Rangers,Globe Life Field,24,-9.4,405.7,-1.33,405.8
Texas Rangers,Globe Life Field,25,-24.1,405.6,-3.4,406.3
Texas Rangers,Globe Life Field,26,-38.8,405.6,-5.46,407.5
Texas Rangers,Globe Life Field,27,-53.5,405.5,-7.52,409
Texas Rangers,Globe Life Field,28,-67.1,400.7,-9.51,406.3
Texas Rangers,Globe Life Field,29,-80.7,395,-11.55,403.2
Texas Rangers,Globe Life Field,30,-94.2,389.3,-13.6,400.5
Texas Rangers,Globe Life Field,31,-107.8,383.5,-15.7,398.4
Texas Rangers,Globe Life Field,32,-121.3,377.8,-17.8,396.8
Texas Rangers,Globe Life Field,33,-134.6,371.6,-19.91,395.2
Texas Rangers,Globe Life Field,34,-145.4,361.8,-21.89,389.9
Texas Rangers,Globe Life Field,35,-155.9,351.4,-23.92,384.4
Texas Rangers,Globe Life Field,36,-166.3,341.1,-25.99,379.5
Texas Rangers,Globe Life Field,37,-176.7,330.7,-28.12,374.9
Texas Rangers,Globe Life Field,38,-187.1,320.3,-30.29,370.9
Texas Rangers,Globe Life Field,39,-197.5,309.8,-32.52,367.4
Texas Rangers,Globe Life Field,40,-207.9,299.4,-34.78,364.5
Texas Rangers,Globe Life Field,41,-218.4,289.1,-37.07,362.3
Texas Rangers,Globe Life Field,42,-228.6,278.5,-39.38,360.3
Texas Rangers,Globe Life Field,43,-235.6,265.9,-41.54,355.3
Texas Rangers,Globe Life Field,44,-239.9,251.9,-43.6,347.9
Texas Rangers,Globe Life Field,45,-244.2,237.8,-45.76,340.9
Texas Rangers,Globe Life Field,46,-243.4,224.4,-47.33,331.1
Texas Rangers,Globe Life Field,47,-234.3,212.9,-47.74,316.6
Texas Rangers,Globe Life Field,48,-225.2,201.3,-48.21,302.1
Toronto Blue Jays,Rogers Centre,1,-242.1,231,-46.34,334.6
Toronto Blue Jays,Rogers Centre,2,-233.1,243.8,-43.71,337.3
Toronto Blue Jays,Rogers Centre,3,-224.4,256.7,-41.16,341
Toronto Blue Jays,Rogers Centre,4,-215.4,269.5,-38.63,345
Toronto Blue Jays,Rogers Centre,5,-206.4,282.3,-36.17,349.7
Toronto Blue Jays,Rogers Centre,6,-197.5,295.1,-33.79,355.1
Toronto Blue Jays,Rogers Centre,7,-188.6,308,-31.48,361.2
Toronto Blue Jays,Rogers Centre,8,-179.7,320.8,-29.26,367.7
Toronto Blue Jays,Rogers Centre,9,-170.8,333.7,-27.11,374.9
Toronto Blue Jays,Rogers Centre,10,-161,345.7,-24.97,381.4
Toronto Blue Jays,Rogers Centre,11,-148.3,354.9,-22.68,384.6
Toronto Blue Jays,Rogers Centre,12,-135.6,363.9,-20.44,388.3
Toronto Blue Jays,Rogers Centre,13,-122.9,373,-18.24,392.7
Toronto Blue Jays,Rogers Centre,14,-110.1,382,-16.08,397.6
Toronto Blue Jays,Rogers Centre,15,-97.3,391,-13.97,402.9
Toronto Blue Jays,Rogers Centre,16,-83.4,397.8,-11.84,406.4
Toronto Blue Jays,Rogers Centre,17,-68.1,400.6,-9.65,406.3
Toronto Blue Jays,Rogers Centre,18,-52.6,402.9,-7.44,406.3
Toronto Blue Jays,Rogers Centre,19,-37.1,404.5,-5.24,406.2
Toronto Blue Jays,Rogers Centre,20,-21.5,405.6,-3.03,406.2
Toronto Blue Jays,Rogers Centre,21,-5.9,406,-0.83,406
Toronto Blue Jays,Rogers Centre,22,9.8,406,1.38,406.1
Toronto Blue Jays,Rogers Centre,23,25.4,405.3,3.59,406.1
Toronto Blue Jays,Rogers Centre,24,40.9,404,5.78,406.1
Toronto Blue Jays,Rogers Centre,25,56.5,402.2,8,406.1
Toronto Blue Jays,Rogers Centre,26,71.9,399.8,10.2,406.2
Toronto Blue Jays,Rogers Centre,27,87.1,396.4,12.39,405.9
Toronto Blue Jays,Rogers Centre,28,100.3,388.1,14.49,400.9
Toronto Blue Jays,Rogers Centre,29,113.1,379.1,16.61,395.6
Toronto Blue Jays,Rogers Centre,30,125.8,370.1,18.77,390.9
Toronto Blue Jays,Rogers Centre,31,138.6,361.1,21,386.8
Toronto Blue Jays,Rogers Centre,32,151.4,352.1,23.27,383.3
Toronto Blue Jays,Rogers Centre,33,163.5,342.3,25.53,379.3
Toronto Blue Jays,Rogers Centre,34,172.6,329.6,27.64,372.1
Toronto Blue Jays,Rogers Centre,35,181.5,316.8,29.81,365.1
Toronto Blue Jays,Rogers Centre,36,190.4,303.9,32.07,358.6
Toronto Blue Jays,Rogers Centre,37,199.3,291.1,34.4,352.8
Toronto Blue Jays,Rogers Centre,38,208.3,278.3,36.81,347.6
Toronto Blue Jays,Rogers Centre,39,217.2,265.4,39.3,342.9
Toronto Blue Jays,Rogers Centre,40,226.1,252.6,41.83,339
Toronto Blue Jays,Rogers Centre,41,235.1,239.8,44.43,335.8
Toronto Blue Jays,Rogers Centre,42,241.9,226.7,46.86,331.5
Toronto Blue Jays,Rogers Centre,43,233.3,215.7,47.24,317.7
Toronto Blue Jays,Rogers Centre,44,225.5,200.6,48.34,301.8
Toronto Blue Jays,Rogers Centre,45,222.2,187.3,49.87,290.6
Toronto Blue Jays,Rogers Centre,46,219.2,174.2,51.53,280
Toronto Blue Jays,Rogers Centre,47,216,160.1,53.45,268.9
Toronto Blue Jays,Rogers Centre,48,212.5,145.1,55.67,257.3
Washington Nationals,Nationals Park,1,245.5,233.4,46.45,338.7
Washington Nationals,Nationals Park,2,238.5,246.3,44.08,342.8
Washington Nationals,Nationals Park,3,231.6,259.1,41.79,347.5
Washington Nationals,Nationals Park,4,224.6,271.9,39.56,352.7
Washington Nationals,Nationals Park,5,217.7,284.8,37.39,358.5
Washington Nationals,Nationals Park,6,210.7,297.6,35.3,364.6
Washington Nationals,Nationals Park,7,203.7,310.4,33.27,371.3
Washington Nationals,Nationals Park,8,192.3,319,31.08,372.5
Washington Nationals,Nationals Park,9,178.9,324.8,28.85,370.8
Washington Nationals,Nationals Park,10,165.6,330.9,26.59,370
Washington Nationals,Nationals Park,11,152.3,336.9,24.33,369.7
Washington Nationals,Nationals Park,12,139,342.9,22.07,370
Washington Nationals,Nationals Park,13,125.7,349,19.81,370.9
Washington Nationals,Nationals Park,14,112.3,354.8,17.56,372.1
Washington Nationals,Nationals Park,15,99,360.7,15.35,374
Washington Nationals,Nationals Park,16,85.7,366.7,13.15,376.6
Washington Nationals,Nationals Park,17,72.4,372.7,10.99,379.7
Washington Nationals,Nationals Park,18,59,378.6,8.86,383.2
Washington Nationals,Nationals Park,19,45.7,384.6,6.78,387.3
Washington Nationals,Nationals Park,20,32.4,390.7,4.74,392
Washington Nationals,Nationals Park,21,19.1,396.6,2.76,397.1
Washington Nationals,Nationals Park,22,5.8,402.6,0.83,402.6
Washington Nationals,Nationals Park,23,-7.6,408.4,-1.07,408.5
Washington Nationals,Nationals Park,24,-21.2,405.9,-2.99,406.5
Washington Nationals,Nationals Park,25,-34,398.9,-4.87,400.3
Washington Nationals,Nationals Park,26,-46.8,391.8,-6.81,394.6
Washington Nationals,Nationals Park,27,-59.5,384.7,-8.79,389.3
Washington Nationals,Nationals Park,28,-72.3,377.7,-10.84,384.6
Washington Nationals,Nationals Park,29,-85.1,370.7,-12.93,380.3
Washington Nationals,Nationals Park,30,-98.2,372.3,-14.78,385
Washington Nationals,Nationals Park,31,-111.2,365.7,-16.91,382.2
Washington Nationals,Nationals Park,32,-124,358.7,-19.07,379.5
Washington Nationals,Nationals Park,33,-136.8,351.6,-21.26,377.3
Washington Nationals,Nationals Park,34,-149.6,344.6,-23.47,375.7
Washington Nationals,Nationals Park,35,-162.3,337.4,-25.69,374.4
Washington Nationals,Nationals Park,36,-175.1,330.4,-27.92,373.9
Washington Nationals,Nationals Park,37,-187.2,322.6,-30.13,373
Washington Nationals,Nationals Park,38,-197.7,312.8,-32.29,370
Washington Nationals,Nationals Park,39,-206.2,301,-34.41,364.9
Washington Nationals,Nationals Park,40,-214,288.7,-36.55,359.4
Washington Nationals,Nationals Park,41,-221.7,276.2,-38.75,354.2
Washington Nationals,Nationals Park,42,-229.4,263.9,-41,349.7
Washington Nationals,Nationals Park,43,-237.1,251.4,-43.32,345.6
Washington Nationals,Nationals Park,44,-244.8,239,-45.69,342.1
Washington Nationals,Nationals Park,45,-250,227.6,-47.69,338.1
Washington Nationals,Nationals Park,46,-239.5,217.5,-47.76,323.5
Washington Nationals,Nationals Park,47,-229,207.4,-47.83,309
Washington Nationals,Nationals Park,48,-218.5,197.2,-47.93,294.3
